Volcano Name,Country,Location,Latitude,Longitude,Elevation (m),Last Known Eruption
St. Andrew Strait,Papua New Guinea,Admiralty Is-SW Paci,-2.38,147.35,270.0,Active
Baluan,United States,Admiralty Is-SW Paci,-2.57,147.28,254.0,Dormant
Dacht-I-Navar Group,Afghanistan,Afghanistan,33.95,67.92,3800.0,Dormant
Vakak Group,Afghanistan,Afghanistan,34.25,67.97,3190.0,Dormant
Karisimbi,"Congo, DRC",Africa-C,-1.506,29.45,4490.0,Dormant
May-ya-moto,"Congo, DRC",Africa-C,-0.93,29.33,950.0,Dormant
Nyamulagira,"Congo, DRC",Africa-C,-1.408,29.2,3058.0,Active
Nyiragongo,"Congo, DRC",Africa-C,-1.52,29.25,3470.0,Active
Tshibinda,"Congo, DRC",Africa-C,-2.32,28.75,1460.0,Dormant
Visoke,Rwanda,Africa-C,-1.458,29.485,3696.0,Active
Bufumbira,Uganda,Africa-C,-1.304,29.683,2100.0,Dormant
Bunyaruguru,Uganda,Africa-C,-0.2,30.08,1554.0,Dormant
Fort Portal,Uganda,Africa-C,0.7,30.25,1615.0,Dormant
Katunga,Uganda,Africa-C,-0.471,30.191,1707.0,Dormant
Katwe-Kikorongo,Uganda,Africa-C,-0.08,29.92,1067.0,Dormant
Kyatwa,Uganda,Africa-C,0.45,30.25,1430.0,Dormant
Muhavura,Uganda,Africa-C,-1.383,29.678,4103.0,Dormant
"Barrier, The",Kenya,Africa-E,2.32,36.57,1032.0,Active
Chyulu Hills,Kenya,Africa-E,-2.68,37.88,2188.0,Active
"Eburru, Ol Doinyo",Kenya,Africa-E,-0.65,36.22,2856.0,Dormant
Elmenteita Badlands,Kenya,Africa-E,-0.546,36.249,2126.0,Dormant
Emuruangogolak,Kenya,Africa-E,1.5,36.33,1285.0,Active
Homa Mountain,Kenya,Africa-E,-0.38,34.5,1751.0,Dormant
Korosi,Kenya,Africa-E,0.77,36.12,1446.0,Dormant
Lake Turkana Central Island,Kenya,Africa-E,3.496,36.04,518.0,Dormant
Lake Turkana North Island,Kenya,Africa-E,4.063,36.046,490.0,Dormant
Lake Turkana South Island,Kenya,Africa-E,2.636,36.596,800.0,Active
Longonot,Kenya,Africa-E,-0.914,36.446,2776.0,Active
Marsabit,Kenya,Africa-E,2.32,37.97,1707.0,Dormant
Mega Volcanic Field,Kenya,Africa-E,3.971,38.213,1500.0,Dormant
Menengai,Kenya,Africa-E,-0.2,36.07,2278.0,Dormant
Namarunu,Kenya,Africa-E,1.98,36.43,817.0,Dormant
Nyambeni Hills,Kenya,Africa-E,0.23,37.87,750.0,Dormant
Ol Kokwe,Kenya,Africa-E,0.62,36.075,1130.0,Dormant
Olkaria,Kenya,Africa-E,-0.904,36.292,2434.0,Active
Paka,Kenya,Africa-E,0.92,36.18,1697.0,Dormant
Segererua Plateau,Kenya,Africa-E,1.57,37.9,699.0,Dormant
Silali,Kenya,Africa-E,1.15,36.23,1528.0,Dormant
Suswa,Kenya,Africa-E,-1.151,36.357,2356.0,Dormant
Igwisi Hills,Tanzania,Africa-E,-4.889,31.933,1146.0,Dormant
Izumbwe-Mpoli,Tanzania,Africa-E,-8.93,33.4,1568.0,Dormant
Kilimanjaro,Tanzania,Africa-E,-3.07,37.35,5895.0,Dormant
Kyejo,Tanzania,Africa-E,-9.229,33.792,2176.0,Active
"Lengai, Ol Doinyo",Tanzania,Africa-E,-2.764,35.914,2962.0,Active
Meru,Tanzania,Africa-E,-3.244,36.75,4550.0,Active
Ngozi,Tanzania,Africa-E,-9.004,33.552,2614.0,Dormant
Rungwe,Tanzania,Africa-E,-9.135,33.668,2953.0,Dormant
SW Usangu Basin,Tanzania,Africa-E,-8.75,33.8,2179.0,Dormant
Unnamed,Tanzania,Africa-E,-8.63,33.57,0.0,Dormant
Atakor Volcanic Field,Algeria,Africa-N,23.33,5.83,2918.0,Dormant
Manzaz Volcanic Field,Algeria,Africa-N,23.92,5.83,1672.0,Dormant
Tahalra Volcanic Field,Algeria,Africa-N,22.67,5.0,1467.0,Dormant
"Koussi, Emi",Chad,Africa-N,19.8,18.53,3415.0,Dormant
Todra Volcanic Field,Chad,Africa-N,17.68,8.5,1780.0,Dormant
"Toh, Tarso",Chad,Africa-N,21.33,16.33,2000.0,Dormant
"Tousside, Tarso",Chad,Africa-N,21.03,16.45,3265.0,Dormant
"Voon, Tarso",Chad,Africa-N,20.92,17.28,3100.0,Dormant
Haruj,Libya,Africa-N,27.25,17.5,1200.0,Dormant
Wau-en-Namus,Libya,Africa-N,25.05,17.55,547.0,Dormant
Tin Zaouatene Volcanic Field,Mali,Africa-N,19.83,2.83,700.0,Dormant
Bayuda Volcanic Field,Sudan,Africa-N,18.33,32.75,670.0,Active
Kutum Volcanic Field,Sudan,Africa-N,14.57,25.85,1779.0,Dormant
"Marra, Jebel",Sudan,Africa-N,12.95,24.27,3042.0,Dormant
Meidob Volcanic Field,Sudan,Africa-N,15.32,26.47,2000.0,Dormant
"Umm Arafieb, Jebel",Sudan,Africa-N,18.17,33.83,0.0,Dormant
Ardoukoba,Djibouti,Africa-NE,11.58,42.47,298.0,Active
Mousa Alli,Djibouti,Africa-NE,12.469,42.404,1993.0,Dormant
Alid,Eritrea,Africa-NE,14.88,39.92,904.0,Dormant
Assab Volcanic Field,Eritrea,Africa-NE,12.95,42.43,987.0,Dormant
Dubbi,Eritrea,Africa-NE,13.579,41.809,1625.0,Active
Gufa,Eritrea,Africa-NE,12.55,42.53,600.0,Dormant
Jalua,Eritrea,Africa-NE,15.042,39.82,713.0,Dormant
Nabro,Eritrea,Africa-NE,13.37,41.7,2218.0,Dormant
Adwa,Ethiopia,Africa-NE,10.063,40.831,1670.0,Dormant
Afdera,Ethiopia,Africa-NE,13.088,40.853,1250.0,Dormant
Alayta,Ethiopia,Africa-NE,12.888,40.573,1496.0,Active
Ale Bagu,Ethiopia,Africa-NE,13.512,40.631,988.0,Dormant
Alu-Dalafilla,Ethiopia,Africa-NE,13.793,40.553,578.0,Dormant
Aluto,Ethiopia,Africa-NE,7.77,38.78,2335.0,Dormant
Asavyo,Ethiopia,Africa-NE,13.098,41.599,1338.0,Dormant
Ayelu,Ethiopia,Africa-NE,10.082,40.702,2145.0,Dormant
Beru,Ethiopia,Africa-NE,8.95,39.75,1100.0,Dormant
Bilate River Field,Ethiopia,Africa-NE,7.07,38.1,1700.0,Dormant
Bishoftu Volcanic Field,Ethiopia,Africa-NE,8.78,38.98,1850.0,Dormant
Bora Ale,Ethiopia,Africa-NE,13.725,40.6,668.0,Dormant
Bora-Bericcio,Ethiopia,Africa-NE,8.221,39.05,2267.0,Dormant
Bora-Bericha-Tullu Moye,Ethiopia,Africa-NE,8.211,39.081,2345.0,Active
Borawli,Ethiopia,Africa-NE,13.304,40.987,784.0,Dormant
Borawli Complex,Ethiopia,Africa-NE,11.63,41.45,875.0,Dormant
Boset,Ethiopia,Africa-NE,8.558,39.475,2447.0,Dormant
Butajiri-Silti Field,Ethiopia,Africa-NE,8.05,38.35,2281.0,Dormant
Chiracha,Ethiopia,Africa-NE,6.65,38.12,1636.0,Dormant
Corbetti,Ethiopia,Africa-NE,7.193,38.39,2289.0,Dormant
Dabbahu,Ethiopia,Africa-NE,12.595,40.48,1401.0,Dormant
Dabbayra,Ethiopia,Africa-NE,12.38,40.07,1302.0,Dormant
Dalaffilla,Ethiopia,Africa-NE,13.792,40.55,613.0,Dormant
Dama Ali,Ethiopia,Africa-NE,11.28,41.63,1068.0,Active
Dofan,Ethiopia,Africa-NE,9.35,40.13,1151.0,Dormant
East Chamo Basin,Ethiopia,Africa-NE,5.708,37.713,1150.0,Dormant
East Ziway,Ethiopia,Africa-NE,7.874,38.902,1889.0,Dormant
Erta Ale,Ethiopia,Africa-NE,13.601,40.666,585.0,Active
Fentale,Ethiopia,Africa-NE,8.985,39.906,2007.0,Active
Gabillema,Ethiopia,Africa-NE,11.08,41.27,1459.0,Dormant
Gada Ale,Ethiopia,Africa-NE,13.975,40.408,287.0,Dormant
Gedemsa,Ethiopia,Africa-NE,8.363,39.172,1909.0,Dormant
Groppo,Ethiopia,Africa-NE,11.816,40.242,852.0,Dormant
Hayli Gubbi,Ethiopia,Africa-NE,13.51,40.722,493.0,Dormant
Hertali,Ethiopia,Africa-NE,9.78,40.33,900.0,Dormant
Hobicha Caldera,Ethiopia,Africa-NE,6.78,37.83,1800.0,Dormant
Kone,Ethiopia,Africa-NE,8.811,39.695,1380.0,Active
Korath Range,Ethiopia,Africa-NE,5.117,35.892,912.0,Dormant
Kurub,Ethiopia,Africa-NE,11.88,41.208,625.0,Dormant
Liado Hayk,Ethiopia,Africa-NE,9.57,40.28,878.0,Dormant
Ma Alalta,Ethiopia,Africa-NE,13.013,40.185,1745.0,Dormant
Mallahle,Ethiopia,Africa-NE,13.27,41.65,1875.0,Dormant
Manda Hararo,Ethiopia,Africa-NE,12.17,40.82,600.0,Dormant
Manda-Inakir,Ethiopia,Africa-NE,12.38,42.2,600.0,Active
Mat Ala,Ethiopia,Africa-NE,13.106,41.161,493.0,Dormant
Melkassa,Ethiopia,Africa-NE,8.43,39.35,1765.0,Dormant
Northern Lake Abaya Volcanic Field,Ethiopia,Africa-NE,6.76,37.97,1594.0,Dormant
Shala,Ethiopia,Africa-NE,7.457,38.557,2075.0,Dormant
Sork Ale,Ethiopia,Africa-NE,13.18,41.725,1611.0,Dormant
Tat Ali,Ethiopia,Africa-NE,13.284,41.063,655.0,Dormant
Tepi,Ethiopia,Africa-NE,7.42,35.43,2728.0,Dormant
Tosa Sucha,Ethiopia,Africa-NE,5.92,37.57,1650.0,Dormant
Unnamed,Ethiopia,Africa-NE,8.7,39.63,1300.0,Dormant
Unnamed,Ethiopia,Africa-NE,8.62,38.95,1800.0,Dormant
Unnamed,Ethiopia,Africa-NE,8.013,39.062,1886.0,Dormant
Yangudi,Ethiopia,Africa-NE,10.58,41.042,1383.0,Dormant
Cameroon,Cameroon,Africa-W,4.203,9.17,4095.0,Active
Manengouba,Cameroon,Africa-W,5.03,9.83,2411.0,Dormant
Ngaoundere Plateau,Cameroon,Africa-W,7.25,13.67,0.0,Dormant
Oku Volcanic Field,Cameroon,Africa-W,6.25,10.5,3011.0,Active
Tombel Graben,Cameroon,Africa-W,4.758,9.717,500.0,Dormant
San Carlos,Equatorial Guinea,Africa-W,3.35,8.52,2260.0,Dormant
San Joaquin,Equatorial Guinea,Africa-W,3.35,8.63,2009.0,Dormant
Santa Isabel,Equatorial Guinea,Africa-W,3.588,8.762,2999.0,Active
Biu Plateau,Nigeria,Africa-W,10.75,12.0,0.0,Dormant
Sao Tome,Sao Tome & Principe,Africa-W,0.32,6.72,2024.0,Dormant
Aniakchak,United States,Alaska Peninsula,56.88,-158.17,1341.0,Active
Black Peak,United States,Alaska Peninsula,56.552,-158.785,1032.0,Dormant
Chiginagak,United States,Alaska Peninsula,57.135,-156.99,2221.0,Active
Dana,United States,Alaska Peninsula,55.641,-161.214,1354.0,Dormant
Denison,United States,Alaska Peninsula,58.418,-154.449,2287.0,Dormant
Douglas,United States,Alaska Peninsula,58.855,-153.542,2140.0,Dormant
Dutton,United States,Alaska Peninsula,55.183,-162.276,1465.0,Dormant
Emmons Lake Volcanic Center,United States,Alaska Peninsula,55.352,-162.045,1534.0,Dormant
Fourpeaked,United States,Alaska Peninsula,58.77,-153.672,2105.0,Dormant
Frosty,United States,Alaska Peninsula,55.067,-162.835,1728.0,Dormant
Griggs,United States,Alaska Peninsula,58.354,-155.092,2317.0,Dormant
Kaguyak,United States,Alaska Peninsula,58.611,-154.025,901.0,Dormant
Katmai,United States,Alaska Peninsula,58.279,-154.953,2047.0,Active
Kialagvik,United States,Alaska Peninsula,57.203,-156.745,1677.0,Dormant
Kukak,United States,Alaska Peninsula,58.453,-154.355,2043.0,Dormant
Kupreanof,United States,Alaska Peninsula,56.011,-159.797,1895.0,Active
Mageik,United States,Alaska Peninsula,58.195,-155.253,2165.0,Active
Martin,United States,Alaska Peninsula,58.172,-155.361,1863.0,Active
Novarupta,United States,Alaska Peninsula,58.266,-155.159,841.0,Active
Pavlof,United States,Alaska Peninsula,55.417,-161.894,2493.0,Active
Pavlof Sister,United States,Alaska Peninsula,55.457,-161.854,2142.0,Active
Snowy Mountain,United States,Alaska Peninsula,58.336,-154.682,2162.0,Dormant
Steller,United States,Alaska Peninsula,58.43,-154.39,2279.0,Dormant
Stepovak Bay 2,United States,Alaska Peninsula,55.913,-160.041,1323.0,Dormant
Stepovak Bay 3,United States,Alaska Peninsula,55.929,-160.002,1555.0,Dormant
Stepovak Bay 4,United States,Alaska Peninsula,55.954,-159.954,1557.0,Dormant
Stepovak Bay Group,United States,Alaska Peninsula,55.917,-160.017,1633.0,Dormant
Trident,United States,Alaska Peninsula,58.236,-155.1,1864.0,Active
Ugashik-Peulik,United States,Alaska Peninsula,57.751,-156.368,1474.0,Active
Ukinrek Maars,United States,Alaska Peninsula,57.834,-156.52,91.0,Active
Unnamed,United States,Alaska Peninsula,57.87,-155.411,402.0,Dormant
Veniaminof,United States,Alaska Peninsula,56.17,-159.38,2507.0,Active
Yantarni,United States,Alaska Peninsula,57.019,-157.185,1345.0,Dormant
Buzzard Creek,United States,Alaska-E,64.062,-148.433,830.0,Dormant
Churchill,United States,Alaska-E,61.38,-141.75,5005.0,Active
Gordon,United States,Alaska-E,62.13,-143.08,2755.0,Dormant
Sanford,United States,Alaska-E,62.22,-144.13,4949.0,Dormant
Wrangell,United States,Alaska-E,62.006,-144.017,4278.0,Active
Behm Canal-Rudyerd Bay,United States,Alaska-SE,55.35,-131.0,500.0,Dormant
Duncan Canal,United States,Alaska-SE,56.5,-133.1,15.0,Dormant
Edgecumbe,United States,Alaska-SE,57.05,-135.75,970.0,Dormant
Tlevak Strait-Suemez Island,United States,Alaska-SE,55.25,-133.3,50.0,Dormant
Augustine,United States,Alaska-SW,59.363,-153.435,1218.0,Active
Hayes,United States,Alaska-SW,61.64,-152.411,3034.0,Active
Iliamna,United States,Alaska-SW,60.032,-153.09,3053.0,Active
Redoubt,United States,Alaska-SW,60.485,-152.742,3108.0,Active
Spurr,United States,Alaska-SW,61.299,-152.251,3374.0,Active
Espenberg,United States,Alaska-W,66.35,-164.33,243.0,Dormant
Imuruk Lake,United States,Alaska-W,65.6,-163.92,610.0,Active
Imuruk Lake,United States,Alaska-W,65.517,-163.45,610.0,Dormant
Ingakslugwat Hills,United States,Alaska-W,61.43,-164.47,190.0,Dormant
Kookooligit Mountains,United States,Alaska-W,63.6,-170.43,673.0,Dormant
St. Michael,United States,Alaska-W,63.45,-162.12,715.0,Dormant
St. Paul Island,United States,Alaska-W,57.167,-170.213,203.0,Dormant
Akutan,United States,Aleutian Is,54.134,-165.986,1303.0,Active
Amak,United States,Aleutian Is,55.418,-163.147,547.0,Active
Amukta,United States,Aleutian Is,52.5,-171.252,1066.0,Active
Atka Volcanic Complex,United States,Aleutian Is,52.331,-174.139,1518.0,Active
Bobrof,United States,Aleutian Is,51.91,-177.438,738.0,Dormant
Bogoslof,United States,Aleutian Is,53.93,-168.03,150.0,Active
Buldir,United States,Aleutian Is,52.35,175.911,656.0,Dormant
Carlisle,United States,Aleutian Is,52.894,-170.054,1620.0,Active
Chagulak,United States,Aleutian Is,52.577,-171.13,1142.0,Dormant
Cleveland,United States,Aleutian Is,52.825,-169.944,1730.0,Active
Davidof,United States,Aleutian Is,51.97,178.33,328.0,Dormant
Fisher,United States,Aleutian Is,54.65,-164.43,1112.0,Active
Gareloi,United States,Aleutian Is,51.79,-178.794,1573.0,Active
Great Sitkin,United States,Aleutian Is,52.076,-176.13,1740.0,Active
Herbert,United States,Aleutian Is,52.742,-170.111,1280.0,Dormant
Isanotski,United States,Aleutian Is,54.765,-163.723,2446.0,Active
Kagamil,United States,Aleutian Is,52.974,-169.72,893.0,Active
Kanaga,United States,Aleutian Is,51.923,-177.168,1307.0,Active
Kasatochi,United States,Aleutian Is,52.177,-175.508,314.0,Active
Kiska,United States,Aleutian Is,52.103,177.602,1220.0,Active
Koniuji,United States,Aleutian Is,52.22,-175.13,273.0,Dormant
Korovin,United States,Aleutian Is,52.381,-174.166,1518.0,Active
Little Sitkin,United States,Aleutian Is,51.95,178.543,1174.0,Active
Makushin,United States,Aleutian Is,53.891,-166.923,1800.0,Active
Moffett,United States,Aleutian Is,51.944,-176.747,1196.0,Dormant
Okmok,United States,Aleutian Is,53.43,-168.13,1073.0,Active
Recheschnoi,United States,Aleutian Is,53.157,-168.539,1984.0,Dormant
Roundtop,United States,Aleutian Is,54.8,-163.589,1871.0,Dormant
Seguam,United States,Aleutian Is,52.315,-172.51,1054.0,Active
Segula,United States,Aleutian Is,52.015,178.136,1160.0,Dormant
Semisopochnoi,United States,Aleutian Is,51.93,179.58,1221.0,Active
Sergief,United States,Aleutian Is,52.03,-174.93,560.0,Dormant
Shishaldin,United States,Aleutian Is,54.756,-163.97,2857.0,Active
Takawangha,United States,Aleutian Is,51.873,-178.006,1449.0,Dormant
Tana,United States,Aleutian Is,52.83,-169.77,1170.0,Dormant
Tanaga,United States,Aleutian Is,51.885,-178.146,1806.0,Active
Uliaga,United States,Aleutian Is,53.065,-169.77,888.0,Dormant
Unnamed,United States,Aleutian Is,52.0,-173.5,0.0,Active
Vsevidof,United States,Aleutian Is,53.13,-168.693,2149.0,Active
Westdahl,United States,Aleutian Is,54.516,-164.65,1563.0,Active
Yunaska,United States,Aleutian Is,52.639,-170.632,550.0,Active
Barren Island,India,Andaman Is-Indian O,12.278,93.858,354.0,Active
Narcondum,India,Andaman Is-Indian O,13.43,94.28,710.0,Dormant
Andrus,Antarctica,Antarctica,-75.8,-132.33,2978.0,Dormant
Berlin,Antarctica,Antarctica,-76.05,-136.0,3478.0,Dormant
Bridgeman Island,Antarctica,Antarctica,-62.063,-56.713,240.0,Dormant
Bristol Island,Antarctica,Antarctica,-59.017,-26.533,1100.0,Active
Buckle Island,Antarctica,Antarctica,-66.78,163.25,1239.0,Active
Candlemas Island,Antarctica,Antarctica,-57.08,-26.67,550.0,Active
Deception Island,Antarctica,Antarctica,-62.957,-60.637,602.0,Active
Erebus,Antarctica,Antarctica,-77.53,167.17,3794.0,Active
Hodson,Antarctica,Antarctica,-56.712,-27.176,835.0,Dormant
Hudson Mountains,Antarctica,Antarctica,-74.33,-99.42,749.0,Dormant
Leskov Island,Antarctica,Antarctica,-56.656,-28.14,190.0,Dormant
Lindenberg Island,Antarctica,Antarctica,-65.03,-60.05,368.0,Dormant
Melbourne,Antarctica,Antarctica,-74.35,164.7,2732.0,Active
Melville,Antarctica,Antarctica,-62.02,-57.67,549.0,Dormant
Montagu Island,Antarctica,Antarctica,-58.445,-26.374,1370.0,Active
Morning,Antarctica,Antarctica,-78.5,163.53,2723.0,Dormant
Mount Haddington Volc Field,Antarctica,Antarctica,-64.15,-57.75,1630.0,Dormant
Paulet,Antarctica,Antarctica,-63.579,-55.78,353.0,Dormant
Penguin Island,Antarctica,Antarctica,-62.1,-57.93,180.0,Active
Peter I Island,Antarctica,Antarctica,-68.85,-90.58,1640.0,Dormant
"Pleiades, The",Antarctica,Antarctica,-72.67,165.5,3040.0,Dormant
Royal Society Range,Antarctica,Antarctica,-78.25,163.33,3000.0,Dormant
Saunders,Antarctica,Antarctica,-57.8,-26.483,843.0,Active
Seal Nunataks Group,Antarctica,Antarctica,-65.03,-60.05,368.0,Active
Siple,Antarctica,Antarctica,-73.43,-126.67,3110.0,Dormant
Southern Thule,Antarctica,Antarctica,-59.442,-27.225,1075.0,Active
Sturge Island,Antarctica,Antarctica,-67.4,164.83,1167.0,Dormant
Takahe,Antarctica,Antarctica,-76.28,-112.08,3460.0,Dormant
Toney Mountain,Antarctica,Antarctica,-75.8,-115.83,3595.0,Dormant
Unnamed,Antarctica,Antarctica,-73.45,164.58,2987.0,Dormant
Waesche,Antarctica,Antarctica,-77.17,-126.88,3292.0,Dormant
Young Island,Antarctica,Antarctica,-66.42,162.47,1340.0,Dormant
Zavodovski,Antarctica,Antarctica,-56.3,-27.57,551.0,Active
Ormus Islands,Indian Ocean,Arabia-S,26.0,57.0,0.0,Active
Unnamed,Indian Ocean,Arabia-S,12.25,45.0,0.0,Dormant
"Arhab, Harra of",Yemen,Arabia-S,15.603,44.098,3100.0,Active
Balhaf-Bir Ali Volcanic Field,Yemen,Arabia-S,14.067,48.3,604.0,Dormant
Bir Borhut,Yemen,Arabia-S,15.515,50.935,464.0,Dormant
"Dhamar, Harras of",Yemen,Arabia-S,14.57,44.67,3500.0,Active
"Haylan, Jabal",Yemen,Arabia-S,15.4,45.1,1550.0,Dormant
"Marha, Jabal el-",Yemen,Arabia-S,15.245,44.236,2506.0,Dormant
"Sawad, Harra Es-",Yemen,Arabia-S,13.58,46.12,1737.0,Active
"Ash Shaam, Harrat",Saudi Arabia,Arabia-W,32.333,37.583,1100.0,Dormant
"Birk, Harrat al",Saudi Arabia,Arabia-W,18.37,41.63,587.0,Dormant
"Ithnayn, Harrat",Saudi Arabia,Arabia-W,26.58,40.2,1625.0,Dormant
"Khaybar, Harrat",Saudi Arabia,Arabia-W,25.5,40.0,2093.0,Active
"Kishb, Harrat",Saudi Arabia,Arabia-W,22.8,41.38,1475.0,Dormant
"Lunayyir, Harrat",Saudi Arabia,Arabia-W,25.17,37.75,1370.0,Active
"Rahah, Harrat ar",Saudi Arabia,Arabia-W,27.8,36.17,1950.0,Dormant
"Rahat, Harrat",Saudi Arabia,Arabia-W,23.08,39.78,1744.0,Active
"Uwayrid, Harrat",Saudi Arabia,Arabia-W,27.08,37.25,1920.0,Active
"Yar, Jabal",Saudi Arabia,Arabia-W,17.05,42.83,305.0,Active
Antofagasta Volcanic Field,Argentina,Argentina,-26.12,-67.4,3495.0,Dormant
Apagado,Argentina,Argentina,-41.88,-72.58,1210.0,Dormant
Aracar,Argentina,Argentina,-24.29,-67.783,6095.0,Dormant
"Atuel, Caldera del",Argentina,Argentina,-34.592,-69.921,5189.0,Dormant
"Blanca, Laguna",Argentina,Argentina,-39.02,-70.37,1700.0,Dormant
"Blanco, Cerro",Argentina,Argentina,-26.766,-67.746,4670.0,Dormant
"Condor, El",Argentina,Argentina,-26.632,-68.361,6373.0,Dormant
Domuyo,Argentina,Argentina,-36.638,-70.432,4702.0,Dormant
Falso Azufre,Argentina,Argentina,-26.8,-68.37,5906.0,Dormant
Huanquihue Group,Argentina,Argentina,-39.887,-71.58,2189.0,Dormant
"Nevada, Sierra",Argentina,Argentina,-26.48,-68.58,6173.0,Dormant
Payun Matru,Argentina,Argentina,-36.422,-69.241,3715.0,Dormant
Peinado,Argentina,Argentina,-26.623,-68.116,5741.0,Dormant
Puesto Cortaderas,Argentina,Argentina,-37.567,-69.617,970.0,Dormant
Pular,Argentina,Argentina,-24.188,-68.054,6233.0,Active
Risco Plateado,Argentina,Argentina,-34.917,-69.981,4999.0,Dormant
"Solo, El",Argentina,Argentina,-27.105,-68.713,6205.0,Dormant
Tipas,Argentina,Argentina,-27.196,-68.561,6658.0,Dormant
Trolon,Argentina,Argentina,-37.738,-70.906,2360.0,Dormant
Tromen,Argentina,Argentina,-37.142,-70.03,3978.0,Dormant
Tromen Volcanic Plateau,Argentina,Argentina,-37.144,-70.033,4114.0,Dormant
Tuzgle,Argentina,Argentina,-24.05,-66.48,5486.0,Dormant
Unnamed,Argentina,Argentina,-25.078,-68.266,4652.0,Dormant
"Viedma, Volcan",Argentina,Argentina,-49.358,-73.28,1300.0,Active
Aragats,Armenia,Armenia,40.53,44.2,4095.0,Dormant
Ghegham Volcanic Ridge,Armenia,Armenia,40.283,45.0,3597.0,Dormant
Porak,Armenia,Armenia,40.028,45.74,3029.0,Dormant
Tskhouk-Karckar,Armenia,Armenia,39.742,45.992,3139.0,Dormant
Vaiyots-Sar,Armenia,Armenia,39.797,45.497,2575.0,Dormant
Fagradalsfjall,Iceland,Atlantic-N,63.895,-22.258,250.0,Active
Jan Mayen,Jan Mayen,Atlantic-N-Jan Mayen,71.082,-8.155,2197.0,Active
Ascension,Atlantic Ocean,Atlantic-S,-7.95,-14.37,858.0,Dormant
Thompson Island,Atlantic Ocean,Atlantic-S,-53.93,5.5,0.0,Dormant
Trindade,Atlantic Ocean,Atlantic-S,-20.514,-29.331,600.0,Dormant
Tristan da Cunha,Atlantic Ocean,Atlantic-S,-37.092,-12.28,2060.0,Active
Bouvet,Bouvet I.,Atlantic-S,-54.408,3.351,741.0,Dormant
Nightingale Island,United Kingdom,Atlantic-S,-37.42,-12.48,365.0,Active
McBride Volcanic Province,Australia,Australia,-18.367,144.567,1020.0,Dormant
Newer Volcanics Province,Australia,Australia,-37.77,142.5,1011.0,Dormant
Agua de Pau,Portugal,Azores,37.77,-25.47,947.0,Active
Corvo,Portugal,Azores,39.699,-31.111,718.0,Dormant
Fayal,Portugal,Azores,38.576,-28.713,1041.0,Active
Flores,Portugal,Azores,39.462,-31.216,914.0,Dormant
Furnas,Portugal,Azores,37.77,-25.32,805.0,Active
Graciosa,Portugal,Azores,39.02,-27.97,402.0,Dormant
Madeira,Portugal,Azores,32.73,-16.97,1862.0,Dormant
Pico,Portugal,Azores,38.47,-28.4,2351.0,Active
Picos Fissural Volcanic System,Portugal,Azores,37.78,-25.67,350.0,Active
Sao Jorge,Portugal,Azores,38.65,-28.08,1053.0,Active
Sete Cidades,Portugal,Azores,37.865,-25.785,842.0,Active
Terceira,Portugal,Azores,38.73,-27.32,1023.0,Active
Wurlali,Indonesia,Banda Sea,-7.125,128.675,868.0,Active
Banda Api,Pacific Ocean,Banda Sea,-4.523,129.881,596.0,Active
Manuk,Pacific Ocean,Banda Sea,-5.543,130.303,257.0,Dormant
Nila,Pacific Ocean,Banda Sea,-6.73,129.5,781.0,Active
Serua,Pacific Ocean,Banda Sea,-6.312,130.017,608.0,Active
Teon,Pacific Ocean,Banda Sea,-6.976,129.144,728.0,Active
Wetar,Pacific Ocean,Banda Sea,-6.642,126.65,282.0,Active
Jatun Mundo Quri Warani,Bolivia,Bolivia,-19.78,-66.48,5438.0,Dormant
"Jayu Khota, Laguna",Bolivia,Bolivia,-19.463,-67.432,3650.0,Dormant
Pampa Luxsar,Bolivia,Bolivia,-20.85,-68.2,5543.0,Dormant
Parinacota,Bolivia,Bolivia,-18.166,-69.142,6336.0,Dormant
Tambo Quemado,Bolivia,Bolivia,-18.62,-68.75,4215.0,Dormant
"Yumia, Cerro",Bolivia,Bolivia,-21.5,-67.5,4050.0,Dormant
Bombalai,Malaysia,Borneo,4.4,117.88,531.0,Dormant
Bagana,Papua New Guinea,Bougainville-SW Paci,-6.137,155.196,1855.0,Active
Balbi,Papua New Guinea,Bougainville-SW Paci,-5.916,155.001,2715.0,Dormant
Billy Mitchell,Papua New Guinea,Bougainville-SW Paci,-6.09,155.225,1544.0,Active
Loloru,Papua New Guinea,Bougainville-SW Paci,-6.52,155.62,1887.0,Dormant
Takuan Group,Papua New Guinea,Bougainville-SW Paci,-6.442,155.608,2210.0,Dormant
Tore,Papua New Guinea,Bougainville-SW Paci,-5.835,154.935,2175.0,Dormant
Alligator Lake,Canada,Canada,60.42,-135.42,2217.0,Dormant
Atlin Volcanic Field,Canada,Canada,59.708,-133.358,1880.0,Active
Bridge River Cones,Canada,Canada,50.8,-123.4,2500.0,Dormant
Cayley Volcanic Field,Canada,Canada,50.12,-123.28,2375.0,Dormant
Crow Lagoon,Canada,Canada,54.7,-130.23,335.0,Dormant
Edziza,Canada,Canada,57.72,-130.63,2786.0,Active
Fort Selkirk,Canada,Canada,62.93,-137.38,1239.0,Dormant
Garibaldi,Canada,Canada,49.85,-123.0,2678.0,Dormant
Garibaldi Lake,Canada,Canada,49.933,-123.0,2316.0,Dormant
Heart Peaks,Canada,Canada,58.6,-131.97,2012.0,Dormant
Hoodoo Mountain,Canada,Canada,56.78,-131.28,1850.0,Dormant
Iskut-Unuk River Cones,Canada,Canada,56.567,-130.75,1880.0,Active
Level Mountain,Canada,Canada,58.42,-131.35,2164.0,Dormant
Meager,Canada,Canada,50.63,-123.5,2680.0,Dormant
Milbanke Sound Group,Canada,Canada,52.498,-128.723,233.0,Dormant
Nazko,Canada,Canada,52.928,-123.732,1238.0,Dormant
Satah Mountain,Canada,Canada,52.47,-124.7,1921.0,Dormant
Silverthrone,Canada,Canada,51.518,-126.113,2860.0,Dormant
Spectrum Range,Canada,Canada,57.43,-130.68,2430.0,Dormant
Tseax River Cone,Canada,Canada,55.111,-128.899,612.0,Active
Tuya Volcanic Field,Canada,Canada,59.37,-130.58,2123.0,Dormant
Wells Gray-Clearwater,Canada,Canada,52.33,-120.57,2576.0,Active
Fuerteventura,Spain,Canary Is,28.358,-14.02,529.0,Dormant
Gran Canaria,Spain,Canary Is,28.0,-15.58,1950.0,Dormant
Hierro,Spain,Canary Is,27.73,-18.03,1500.0,Active
La Palma,Spain,Canary Is,28.57,-17.83,2426.0,Active
Lanzarote,Spain,Canary Is,29.03,-13.63,670.0,Active
Tenerife,Spain,Canary Is,28.271,-16.641,3715.0,Active
Brava,Cape Verde,Cape Verde Is,14.851,-24.704,956.0,Dormant
Fogo,Cape Verde,Cape Verde Is,14.95,-24.35,2829.0,Active
Santo Antao,Cape Verde,Cape Verde Is,17.07,-25.17,1979.0,Dormant
"Incahuasi, Nevado de",Argentina,Chile,-27.033,-68.296,6638.0,Dormant
Lanin,Argentina,Chile-C,-39.637,-71.502,3776.0,Dormant
Maipo,Argentina,Chile-C,-34.164,-69.832,5323.0,Active
San Jose,Argentina,Chile-C,-33.789,-69.895,6070.0,Active
Antillanca Volcanic Complex,Chile,Chile-C,-40.783,-72.15,1979.0,Dormant
Antuco,Chile,Chile-C,-37.406,-71.349,2979.0,Active
"Azul, Cerro",Chile,Chile-C,-35.653,-70.761,3788.0,Active
"Blancas, Lomas",Chile,Chile-C,-36.286,-71.009,2268.0,Dormant
Caburgua-Huelemolle,Chile,Chile-C,-39.25,-71.75,1652.0,Dormant
Calabozos,Chile,Chile-C,-35.558,-70.496,3508.0,Dormant
Callaqui,Chile,Chile-C,-37.92,-71.45,3164.0,Active
Carran-Los Venados,Chile,Chile-C,-40.35,-72.07,1114.0,Active
"Chillan, Nevados de",Chile,Chile-C,-36.868,-71.378,3180.0,Active
Copahue,Chile,Chile-C,-37.856,-71.183,2953.0,Active
Descabezado Grande,Chile,Chile-C,-35.58,-70.75,3953.0,Active
Infiernillo,Chile,Chile-C,-35.123,-69.9,3007.0,Dormant
Llaima,Chile,Chile-C,-38.692,-71.729,3125.0,Active
"Longavi, Nevado de",Chile,Chile-C,-36.196,-71.164,3175.0,Dormant
Lonquimay,Chile,Chile-C,-38.379,-71.586,2832.0,Active
"Mariñaqui, Laguna",Chile,Chile-C,-38.255,-71.167,2108.0,Dormant
"Maule, Laguna del",Chile,Chile-C,-36.058,-70.492,2162.0,Dormant
Mocho-Choshuenco,Chile,Chile-C,-39.927,-72.027,2422.0,Active
Palomo,Chile,Chile-C,-34.608,-70.295,4860.0,Dormant
"Pantojo, Cerro",Chile,Chile-C,-40.77,-71.95,1897.0,Dormant
Planchon-Peteroa,Chile,Chile-C,-35.223,-70.568,3977.0,Active
Puntiagudo-Cordon Cenizos,Chile,Chile-C,-40.969,-72.264,2493.0,Active
Puyehue-Cordon Caulle,Chile,Chile-C,-40.59,-72.117,2236.0,Dormant
Quetrupillan,Chile,Chile-C,-39.496,-71.722,2360.0,Active
"Resago, Volcan",Chile,Chile-C,-36.461,-70.903,1890.0,Dormant
San Pedro-Pellado,Chile,Chile-C,-35.989,-70.849,3621.0,Dormant
Sollipulli,Chile,Chile-C,-38.97,-71.52,2282.0,Active
Tinguiririca,Chile,Chile-C,-34.814,-70.352,4280.0,Active
Tolhuaca,Chile,Chile-C,-38.31,-71.645,2739.0,Dormant
Tralihue,Chile,Chile-C,-38.509,-70.898,2448.0,Dormant
Tupungatito,Chile,Chile-C,-33.425,-69.797,5660.0,Active
Villarrica,Chile,Chile-C,-39.42,-71.93,2847.0,Active
Rapa Nui,Chile,Chile-Is,-27.114,-109.356,501.0,Dormant
Robinson Crusoe,Chile,Chile-Is,-33.658,-78.85,922.0,Active
San Felix,Chile,Chile-Is,-26.27,-80.12,183.0,Dormant
Unnamed,Chile,Chile-Is,-33.622,-78.78,0.0,Active
"Bayo Gorbea, Cerro",Argentina,Chile-N,-25.414,-68.588,5413.0,Dormant
Cordon del Azufre,Argentina,Chile-N,-25.336,-68.521,5481.0,Dormant
Corrida de Cori Volcanic Field,Argentina,Chile-N,-25.083,-68.367,5451.0,Dormant
Llullaillaco,Argentina,Chile-N,-24.72,-68.53,6739.0,Active
"Ojos del Salado, Nevados",Argentina,Chile-N,-27.109,-68.541,6879.0,Dormant
Socompa,Argentina,Chile-N,-24.396,-68.246,6031.0,Dormant
"Azufre, Cerro del",Bolivia,Chile-N,-21.787,-68.237,5846.0,Dormant
Guayaques,Bolivia,Chile-N,-22.895,-67.566,5598.0,Dormant
Irruputuncu,Bolivia,Chile-N,-20.73,-68.55,5163.0,Active
Olca-Paruma,Bolivia,Chile-N,-20.939,-68.413,5705.0,Active
Sairecabur,Bolivia,Chile-N,-22.719,-67.891,5961.0,Dormant
Acamarachi,Chile,Chile-N,-23.292,-67.618,6023.0,Dormant
Caichinque,Chile,Chile-N,-23.949,-67.74,4458.0,Dormant
Chiliques,Chile,Chile-N,-23.58,-67.7,5778.0,Dormant
Colachi,Chile,Chile-N,-23.236,-67.645,5631.0,Dormant
Copiapo,Chile,Chile-N,-27.3,-69.13,6052.0,Dormant
Cordon de Puntas Negras,Chile,Chile-N,-23.743,-67.534,5852.0,Dormant
Guallatiri,Chile,Chile-N,-18.42,-69.092,6071.0,Active
Isluga,Chile,Chile-N,-19.15,-68.83,5550.0,Active
Lascar,Chile,Chile-N,-23.37,-67.73,5592.0,Active
Lastarria,Chile,Chile-N,-25.168,-68.507,5706.0,Dormant
Licancabur,Chile,Chile-N,-22.83,-67.88,5916.0,Dormant
Miniques,Chile,Chile-N,-23.82,-67.77,5910.0,Dormant
"Negrillar, El",Chile,Chile-N,-24.18,-68.25,3500.0,Dormant
"Negrillar, La",Chile,Chile-N,-24.319,-68.59,4220.0,Dormant
"Overo, Cerro",Chile,Chile-N,-23.52,-67.67,4555.0,Dormant
Purico Complex,Chile,Chile-N,-23.0,-67.75,5703.0,Dormant
Putana,Chile,Chile-N,-22.557,-67.853,5884.0,Active
San Pedro-San Pablo,Chile,Chile-N,-21.888,-68.391,6142.0,Active
Taapaca,Chile,Chile-N,-18.1,-69.5,5860.0,Dormant
Tacora,Chile,Chile-N,-17.721,-69.773,5960.0,Dormant
Tata Sabaya,Chile,Chile-N,-19.13,-68.53,5430.0,Dormant
Tilocalar,Chile,Chile-N,-23.97,-68.13,3109.0,Dormant
"Tujle, Cerro",Chile,Chile-N,-23.83,-67.95,3550.0,Dormant
Aguilera,Chile,Chile-S,-50.33,-73.75,2546.0,Dormant
Arenales,Chile,Chile-S,-47.2,-73.483,3437.0,Active
"Burney, Monte",Chile,Chile-S,-52.33,-73.4,1758.0,Active
Calbuco,Chile,Chile-S,-41.33,-72.618,1974.0,Active
Cay,Chile,Chile-S,-45.059,-72.984,2090.0,Dormant
Cayute-La Vigueria,Chile,Chile-S,-41.25,-72.27,506.0,Dormant
Cayutue-La Vigueria,Chile,Chile-S,-41.3,-72.27,506.0,Dormant
Chaiten,Chile,Chile-S,-42.835,-72.651,1122.0,Active
Corcovado,Chile,Chile-S,-43.189,-72.794,1826.0,Dormant
Fueguino,Chile,Chile-S,-54.97,-70.262,157.0,Dormant
Hornopiren,Chile,Chile-S,-41.874,-72.431,1572.0,Dormant
"Hudson, Cerro",Chile,Chile-S,-45.9,-72.97,1905.0,Active
Huequi,Chile,Chile-S,-42.377,-72.578,1318.0,Active
Lautaro,Chile,Chile-S,-49.019,-73.504,3542.0,Active
Maca,Chile,Chile-S,-45.1,-73.17,2960.0,Dormant
Melimoyu,Chile,Chile-S,-44.08,-72.88,2400.0,Dormant
Mentolat,Chile,Chile-S,-44.7,-73.08,1660.0,Dormant
Meullin,Chile,Chile-S,-45.22,-73.05,1080.0,Dormant
Michinmahuida,Chile,Chile-S,-42.799,-72.445,2452.0,Active
Osorno,Chile,Chile-S,-41.105,-72.496,2659.0,Active
Palena Volcanic Group,Chile,Chile-S,-43.42,-72.83,2991.0,Active
Pali-Aike Volcanic Field,Chile,Chile-S,-52.082,-69.698,282.0,Dormant
Puyuhuapi,Chile,Chile-S,-44.3,-72.53,524.0,Dormant
Reclus,Chile,Chile-S,-50.964,-73.58,1403.0,Dormant
Tronador,Chile,Chile-S,-41.157,-71.885,3478.0,Dormant
Yanteles,Chile,Chile-S,-43.469,-72.782,1790.0,Active
Yate,Chile,Chile-S,-41.755,-72.396,2187.0,Dormant
Crater Basalt Volcanic Field,Argentina,Chile-S/Argentina,-42.018,-70.194,1344.0,Dormant
Arxan-Chaihe,China,China-E,47.45,120.8,1677.0,Dormant
Honggeertu,China,China-E,41.59,113.111,1605.0,Dormant
Jingpohu,China,China-E,44.08,128.83,1000.0,Dormant
Keluo Group,China,China-E,49.37,125.92,670.0,Dormant
Longgang Group,China,China-E,42.33,126.5,1000.0,Active
Wudalianchi,China,China-E,48.722,126.15,597.0,Active
Changbaishan,North Korea,China-E,41.98,128.08,2744.0,Active
Tengchong,China,China-S,25.23,98.5,2865.0,Active
Ashikule Volcanic Field,China,China-W,35.742,81.646,5090.0,Active
Tianshan Volc Group,China,China-W,42.5,82.5,0.0,Active
Turfan,China,China-W,42.9,89.25,0.0,Active
Unnamed,China,China-W,35.85,91.7,5400.0,Dormant
Azufral,Colombia,Colombia,1.08,-77.68,4070.0,Dormant
"Bravo, Cerro",Colombia,Colombia,5.091,-75.293,3985.0,Active
Cumbal,Colombia,Colombia,0.95,-77.87,4764.0,Active
Dona Juana,Colombia,Colombia,1.5,-76.936,4137.0,Active
Galeras,Colombia,Colombia,1.22,-77.37,4276.0,Active
"Huila, Nevado del",Colombia,Colombia,2.93,-76.03,5364.0,Active
Machin,Colombia,Colombia,4.487,-75.389,2749.0,Active
Petacas,Colombia,Colombia,1.57,-76.78,3280.0,Dormant
Purace,Colombia,Colombia,2.32,-76.4,4650.0,Active
Romeral,Colombia,Colombia,5.203,-75.363,3769.0,Active
"Ruiz, Nevado del",Colombia,Colombia,4.892,-75.324,5279.0,Active
Santa Isabel,Colombia,Colombia,4.818,-75.365,4944.0,Dormant
Sotara,Colombia,Colombia,2.108,-76.592,4400.0,Dormant
"Tolima, Nevado del",Colombia,Colombia,4.658,-75.33,5215.0,Active
Chiles-Cerro Negro,Ecuador,Colombia,0.817,-77.938,4698.0,Active
Arenal,Costa Rica,Costa Rica,10.463,-84.703,1670.0,Active
Barva,Costa Rica,Costa Rica,10.135,-84.1,2906.0,Dormant
Irazu,Costa Rica,Costa Rica,9.979,-83.852,3436.0,Active
Miravalles,Costa Rica,Costa Rica,10.748,-85.153,2028.0,Active
Orosi,Costa Rica,Costa Rica,10.98,-85.473,1659.0,Dormant
Platanar,Costa Rica,Costa Rica,10.3,-84.366,2267.0,Dormant
Poas,Costa Rica,Costa Rica,10.2,-84.233,2697.0,Active
Rincon de la Vieja,Costa Rica,Costa Rica,10.83,-85.324,1916.0,Active
Tenorio,Costa Rica,Costa Rica,10.673,-85.015,1916.0,Dormant
Turrialba,Costa Rica,Costa Rica,10.025,-83.767,3340.0,Active
Dawson Strait Group,Papua New Guinea,D'Entrecasteaux Is,-9.62,150.88,500.0,Active
Goodenough,Papua New Guinea,D'Entrecasteaux Is,-9.358,150.246,220.0,Dormant
Iamalele,Papua New Guinea,D'Entrecasteaux Is,-9.506,150.524,194.0,Dormant
Aliso,Ecuador,Ecuador,-0.53,-78.0,4267.0,Dormant
Antisana,Ecuador,Ecuador,-0.481,-78.141,5753.0,Active
Atacazo,Ecuador,Ecuador,-0.353,-78.617,4463.0,Dormant
Cayambe,Ecuador,Ecuador,0.029,-77.986,5790.0,Active
Chacana,Ecuador,Ecuador,-0.375,-78.25,4643.0,Active
Chachimbiro,Ecuador,Ecuador,0.468,-78.287,4106.0,Dormant
Chimborazo,Ecuador,Ecuador,-1.469,-78.817,6261.0,Active
Cotopaxi,Ecuador,Ecuador,-0.677,-78.436,5911.0,Active
Cuicocha,Ecuador,Ecuador,0.308,-78.364,3246.0,Dormant
Guagua Pichincha,Ecuador,Ecuador,-0.171,-78.598,4784.0,Active
Iliniza,Ecuador,Ecuador,-0.662,-78.716,5162.0,Dormant
Imbabura,Ecuador,Ecuador,0.258,-78.183,4609.0,Active
Licto,Ecuador,Ecuador,-1.786,-78.614,3322.0,Dormant
Mojanda,Ecuador,Ecuador,0.13,-78.27,4263.0,Dormant
Pululahua,Ecuador,Ecuador,0.046,-78.49,3360.0,Dormant
Quilotoa,Ecuador,Ecuador,-0.859,-78.904,3914.0,Active
Reventador,Ecuador,Ecuador,-0.077,-77.656,3562.0,Active
Sangay,Ecuador,Ecuador,-2.005,-78.341,5286.0,Active
Soche,Ecuador,Ecuador,0.552,-77.58,3955.0,Dormant
Sumaco,Ecuador,Ecuador,-0.538,-77.626,3990.0,Active
Tungurahua,Ecuador,Ecuador,-1.467,-78.442,5023.0,Active
Apaneca Range,El Salvador,El Salvador,13.872,-89.742,2028.0,Dormant
Apastepeque Field,El Salvador,El Salvador,13.72,-88.77,700.0,Dormant
"Aramuaca, Laguna",El Salvador,El Salvador,13.428,-88.105,181.0,Dormant
Chinameca,El Salvador,El Salvador,13.478,-88.33,1300.0,Dormant
"Cinotepeque, Cerro",El Salvador,El Salvador,14.02,-89.25,665.0,Dormant
Coatepeque Caldera,El Salvador,El Salvador,13.87,-89.55,746.0,Dormant
Conchagua,El Salvador,El Salvador,13.277,-87.853,1250.0,Dormant
Conchaguita,El Salvador,El Salvador,13.22,-87.765,550.0,Active
Guazapa,El Salvador,El Salvador,13.9,-89.12,1438.0,Dormant
Ilopango,El Salvador,El Salvador,13.672,-89.053,450.0,Active
Izalco,El Salvador,El Salvador,13.813,-89.633,1950.0,Active
San Diego,El Salvador,El Salvador,14.27,-89.48,781.0,Dormant
San Marcelino,El Salvador,El Salvador,13.853,-89.63,2381.0,Active
San Miguel,El Salvador,El Salvador,13.434,-88.269,2130.0,Active
San Salvador,El Salvador,El Salvador,13.734,-89.294,1893.0,Active
San Vicente,El Salvador,El Salvador,13.595,-88.837,2182.0,Dormant
Santa Ana,El Salvador,El Salvador,13.853,-89.63,2381.0,Active
"Singuil, Cerro",El Salvador,El Salvador,14.054,-89.631,926.0,Dormant
Taburete,El Salvador,El Salvador,13.435,-88.532,1172.0,Dormant
Tecapa,El Salvador,El Salvador,13.494,-88.502,1593.0,Dormant
"Tigre, El",El Salvador,El Salvador,13.47,-88.43,1640.0,Dormant
Usulutan,El Salvador,El Salvador,13.419,-88.471,1449.0,Dormant
Manda Gargori,Ethiopia,Ethiopia,11.75,41.48,700.0,Dormant
Koro,Fiji,Fiji Is-SW Pacific,-17.32,179.4,522.0,Dormant
Nabukelevu,Fiji,Fiji Is-SW Pacific,-19.118,177.982,791.0,Active
Taveuni,Fiji,Fiji Is-SW Pacific,-16.841,-179.964,1241.0,Dormant
Chaine des Puys,France,France,45.786,2.981,1464.0,Dormant
Alcedo,Ecuador,Galapagos,-0.43,-91.12,1130.0,Active
"Azul, Cerro",Ecuador,Galapagos,-0.92,-91.408,1640.0,Active
Darwin,Ecuador,Galapagos,-0.18,-91.28,1330.0,Active
Ecuador,Ecuador,Galapagos,-0.02,-91.546,790.0,Dormant
Fernandina,Ecuador,Galapagos,-0.37,-91.55,1476.0,Active
Genovesa,Ecuador,Galapagos,0.32,-89.958,64.0,Dormant
Marchena,Ecuador,Galapagos,0.33,-90.47,343.0,Active
"Negra, Sierra",Ecuador,Galapagos,-0.83,-91.17,1124.0,Active
Pinta,Ecuador,Galapagos,0.58,-90.75,780.0,Active
San Cristobal,Ecuador,Galapagos,-0.88,-89.5,759.0,Dormant
Santa Cruz,Ecuador,Galapagos,-0.62,-90.33,864.0,Dormant
Santiago,Ecuador,Galapagos,-0.22,-90.77,920.0,Active
Wolf,Ecuador,Galapagos,0.02,-91.35,1710.0,Active
Kabargin Oth Group,Georgia,Georgia,42.55,44.0,3650.0,Dormant
Kazbek,Georgia,Georgia,42.7,44.5,5050.0,Dormant
Samsari Volcanic Center,Georgia,Georgia,41.542,43.7,3290.0,Dormant
Unnamed,Georgia,Georgia,42.45,44.25,3750.0,Dormant
West Eifel Volcanic Field,Germany,Germany,50.17,6.85,600.0,Dormant
Methana,Greece,Greece,37.619,23.333,380.0,Dormant
Milos,Greece,Greece,36.699,24.439,751.0,Dormant
Nisyros,Greece,Greece,36.589,27.155,698.0,Active
Santorini,Greece,Greece,36.404,25.396,367.0,Active
Yali,Greece,Greece,36.671,27.14,180.0,Dormant
Acatenango,Guatemala,Guatemala,14.501,-90.876,3976.0,Active
Agua,Guatemala,Guatemala,14.465,-90.743,3760.0,Dormant
Almolonga,Guatemala,Guatemala,14.797,-91.519,3173.0,Active
Atitlan,Guatemala,Guatemala,14.583,-91.186,3535.0,Active
Chingo,Guatemala,Guatemala,14.12,-89.73,1775.0,Dormant
Chiquimula Volcanic Field,Guatemala,Guatemala,14.83,-89.55,1192.0,Dormant
Cuilapa-Barbarena,Guatemala,Guatemala,14.33,-90.4,1454.0,Dormant
Flores,Guatemala,Guatemala,14.308,-89.992,1600.0,Dormant
Fuego,Guatemala,Guatemala,14.473,-90.88,3763.0,Active
Ipala,Guatemala,Guatemala,14.55,-89.63,1650.0,Dormant
Ixtepeque,Guatemala,Guatemala,14.42,-89.68,1292.0,Dormant
Jumaytepeque,Guatemala,Guatemala,14.34,-90.271,1802.0,Dormant
Moyuta,Guatemala,Guatemala,14.03,-90.1,1662.0,Dormant
Pacaya,Guatemala,Guatemala,14.382,-90.601,2569.0,Active
Quezaltepeque,Guatemala,Guatemala,14.57,-89.45,1200.0,Dormant
Santa Maria,Guatemala,Guatemala,14.757,-91.552,3745.0,Active
"Santiago, Cerro",Guatemala,Guatemala,14.33,-89.87,1192.0,Dormant
Suchitan,Guatemala,Guatemala,14.4,-89.78,2042.0,Dormant
Tahual,Guatemala,Guatemala,14.43,-89.9,1716.0,Dormant
Tajumulco,Guatemala,Guatemala,15.043,-91.903,4203.0,Dormant
Tecuamburro,Guatemala,Guatemala,14.156,-90.407,1845.0,Dormant
Toliman,Guatemala,Guatemala,14.612,-91.189,3158.0,Dormant
Amasing,Indonesia,Halmahera-Indonesia,-0.525,127.496,1006.0,Dormant
Bibinoi,Indonesia,Halmahera-Indonesia,-0.761,127.725,932.0,Dormant
Dukono,Indonesia,Halmahera-Indonesia,1.699,127.878,1273.0,Active
Gamalama,Indonesia,Halmahera-Indonesia,0.81,127.332,1714.0,Active
Gamkonora,Indonesia,Halmahera-Indonesia,1.38,127.53,1635.0,Active
Hiri,Indonesia,Halmahera-Indonesia,0.9,127.32,630.0,Dormant
Ibu,Indonesia,Halmahera-Indonesia,1.488,127.63,1325.0,Active
Jailolo,Indonesia,Halmahera-Indonesia,1.08,127.439,993.0,Dormant
Kie Besi,Indonesia,Halmahera-Indonesia,0.32,127.4,1357.0,Active
Kie Matubu,Indonesia,Halmahera-Indonesia,0.662,127.403,1713.0,Dormant
Mare,Indonesia,Halmahera-Indonesia,0.57,127.4,308.0,Dormant
Moti,Indonesia,Halmahera-Indonesia,0.454,127.411,927.0,Dormant
Tarakan,Indonesia,Halmahera-Indonesia,1.832,127.825,317.0,Dormant
Tigalalu,Indonesia,Halmahera-Indonesia,0.07,127.42,422.0,Dormant
Tobaru,Indonesia,Halmahera-Indonesia,1.63,127.67,1035.0,Dormant
Todoko-Ranu,Indonesia,Halmahera-Indonesia,1.239,127.456,979.0,Dormant
Haleakala,United States,Hawaiian Is,20.708,-156.25,3055.0,Active
Hualalai,United States,Hawaiian Is,19.692,-155.87,2523.0,Active
Kilauea,United States,Hawaiian Is,19.421,-155.287,1222.0,Active
Mauna Kea,United States,Hawaiian Is,19.82,-155.47,4205.0,Dormant
Mauna Loa,United States,Hawaiian Is,19.475,-155.608,4170.0,Active
Akan,Japan,Hokkaido-Japan,43.384,144.013,1499.0,Active
Esan,Japan,Hokkaido-Japan,41.805,141.166,618.0,Active
Hokkaido-Komagatake,Japan,Hokkaido-Japan,42.063,140.677,1131.0,Active
Kussharo,Japan,Hokkaido-Japan,43.615,144.427,574.0,Active
Kuttara,Japan,Hokkaido-Japan,42.491,141.16,549.0,Active
Mashu,Japan,Hokkaido-Japan,43.572,144.561,857.0,Active
Niseko,Japan,Hokkaido-Japan,42.875,140.659,1308.0,Dormant
Oshima-Oshima,Japan,Hokkaido-Japan,41.51,139.367,732.0,Active
Rausudake,Japan,Hokkaido-Japan,44.076,145.122,1660.0,Active
Rishirizan,Japan,Hokkaido-Japan,45.179,141.242,1721.0,Dormant
Shikaribetsu Group,Japan,Hokkaido-Japan,43.28,143.08,1430.0,Dormant
Shikotsu,Japan,Hokkaido-Japan,42.688,141.38,1320.0,Active
Shiretoko-Iozan,Japan,Hokkaido-Japan,44.133,145.161,1562.0,Active
Taisetsuzan,Japan,Hokkaido-Japan,43.664,142.854,2291.0,Active
Tenchozan,Japan,Hokkaido-Japan,44.044,145.086,1046.0,Dormant
Tokachidake,Japan,Hokkaido-Japan,43.418,142.686,2077.0,Active
Toya,Japan,Hokkaido-Japan,42.544,140.839,733.0,Active
Yoteizan,Japan,Hokkaido-Japan,42.827,140.812,1888.0,Dormant
"Tigre, Isla del",Honduras,Honduras,13.274,-87.639,774.0,Dormant
Utila Island,Honduras,Honduras,16.1,-86.9,74.0,Dormant
"Yojoa, Lago",Honduras,Honduras,14.964,-87.983,1060.0,Dormant
"Zacate Grande, Isla",Honduras,Honduras,13.33,-87.63,640.0,Dormant
Abu,Japan,Honshu-Japan,34.483,131.517,641.0,Dormant
Adatarayama,Japan,Honshu-Japan,37.647,140.281,1728.0,Active
Akagisan,Japan,Honshu-Japan,36.56,139.193,1828.0,Active
Akandanayama,Japan,Honshu-Japan,36.2,137.573,2109.0,Dormant
Akita-Komagatake,Japan,Honshu-Japan,39.761,140.799,1637.0,Active
Akita-Yakeyama,Japan,Honshu-Japan,39.964,140.757,1366.0,Active
Asamayama,Japan,Honshu-Japan,36.406,138.523,2568.0,Active
Azumayama,Japan,Honshu-Japan,37.735,140.244,1949.0,Active
Bandaisan,Japan,Honshu-Japan,37.601,140.072,1816.0,Active
Chokaisan,Japan,Honshu-Japan,39.099,140.049,2236.0,Active
Fujisan,Japan,Honshu-Japan,35.361,138.728,3776.0,Active
Hachimantai,Japan,Honshu-Japan,39.958,140.854,1613.0,Dormant
Hakkodasan,Japan,Honshu-Japan,40.659,140.877,1585.0,Dormant
Hakoneyama,Japan,Honshu-Japan,35.233,139.021,1438.0,Dormant
Hakusan,Japan,Honshu-Japan,36.155,136.771,2702.0,Active
Harunasan,Japan,Honshu-Japan,36.477,138.851,1449.0,Active
Hijiori,Japan,Honshu-Japan,38.599,140.162,552.0,Dormant
Hiuchigatake,Japan,Honshu-Japan,36.955,139.285,2356.0,Active
Iwakisan,Japan,Honshu-Japan,40.656,140.303,1625.0,Active
Iwatesan,Japan,Honshu-Japan,39.853,141.001,2038.0,Active
Izu-Tobu,Japan,Honshu-Japan,34.9,139.098,1406.0,Active
Kurikomayama,Japan,Honshu-Japan,38.961,140.788,1627.0,Active
Kusatsu-Shiranesan,Japan,Honshu-Japan,36.618,138.528,2165.0,Active
Megata,Japan,Honshu-Japan,39.95,139.73,160.0,Dormant
Midagahara,Japan,Honshu-Japan,36.571,137.59,2621.0,Active
Myokosan,Japan,Honshu-Japan,36.891,138.114,2454.0,Dormant
Nantaisan,Japan,Honshu-Japan,36.765,139.491,2486.0,Dormant
Naruko,Japan,Honshu-Japan,38.729,140.734,470.0,Active
Nasudake,Japan,Honshu-Japan,37.125,139.963,1915.0,Active
Niigata-Yakeyama,Japan,Honshu-Japan,36.921,138.036,2400.0,Active
Nikko-Shiranesan,Japan,Honshu-Japan,36.799,139.376,2578.0,Active
Norikuradake,Japan,Honshu-Japan,36.106,137.554,3026.0,Dormant
Numazawa,Japan,Honshu-Japan,37.444,139.566,835.0,Dormant
Oki-Dogo,Japan,Honshu-Japan,36.176,133.334,151.0,Dormant
Omanago Group,Japan,Honshu-Japan,36.807,139.476,2341.0,Dormant
Ontakesan,Japan,Honshu-Japan,35.893,137.48,3067.0,Active
Osorezan,Japan,Honshu-Japan,41.279,141.12,878.0,Active
Sanbesan,Japan,Honshu-Japan,35.141,132.622,1126.0,Dormant
Shiga,Japan,Honshu-Japan,36.688,138.519,2041.0,Dormant
Takaharayama,Japan,Honshu-Japan,36.9,139.777,1795.0,Dormant
Towada,Japan,Honshu-Japan,40.51,140.88,1011.0,Active
Washiba-Kumonotaira,Japan,Honshu-Japan,36.408,137.594,2924.0,Dormant
Yakedake,Japan,Honshu-Japan,36.227,137.587,2455.0,Active
Yokodake,Japan,Honshu-Japan,36.087,138.32,2480.0,Dormant
Zaozan [Zaosan],Japan,Honshu-Japan,38.144,140.44,1841.0,Active
Theistareykir,Iceland,Iceland,65.883,-16.967,563.0,Dormant
Manareyjar,Iceland,Iceland-N,66.3,-17.1,0.0,Active
Kolbeinsey Ridge,Iceland,Iceland-N of,66.67,-18.5,5.0,Active
Askja,Iceland,Iceland-NE,65.033,-16.783,1080.0,Active
Bardarbunga,Iceland,Iceland-NE,64.633,-17.516,2000.0,Active
Fremrinamar,Iceland,Iceland-NE,65.416,-16.666,970.0,Dormant
Grimsvotn,Iceland,Iceland-NE,64.416,-17.316,1719.0,Active
Heidarspordar,Iceland,Iceland-NE,65.583,-16.817,490.0,Dormant
Krafla,Iceland,Iceland-NE,65.715,-16.728,800.0,Active
Kverkfjoll,Iceland,Iceland-NE,64.653,-16.647,1930.0,Active
Lakagigar,Iceland,Iceland-NE,64.42,-17.33,1725.0,Active
Snaefell,Iceland,Iceland-NE,64.798,-15.56,1833.0,Dormant
Thordarhyrna,Iceland,Iceland-NE,64.267,-17.617,1650.0,Active
Trollagigar,Iceland,Iceland-NE,64.43,-18.13,1000.0,Active
Tungnafellsjokull,Iceland,Iceland-NE,64.75,-17.916,1523.0,Dormant
Eyjafjallajokull,Iceland,Iceland-S,63.633,-19.633,1651.0,Active
Hekla,Iceland,Iceland-S,63.983,-19.666,1490.0,Active
Hromundartindur,Iceland,Iceland-S,64.083,-21.333,550.0,Dormant
Katla,Iceland,Iceland-S,63.633,-19.083,1490.0,Active
Krakagiger,Iceland,Iceland-S,63.98,-19.7,1491.0,Active
Lambafit,Iceland,Iceland-S,64.08,-19.4,550.0,Active
Mundafell,Iceland,Iceland-S,63.98,-19.7,1491.0,Active
Thordarhyrna,Iceland,Iceland-S,62.27,-17.6,1659.0,Active
Tindfjallajokull,Iceland,Iceland-S,63.783,-19.716,1464.0,Dormant
Torfajokull,Iceland,Iceland-S,63.892,-19.122,1280.0,Active
Vestmannaeyjar,Iceland,Iceland-S,63.416,-20.266,283.0,Active
Esjufjoll,Iceland,Iceland-SE,64.25,-16.583,1620.0,Active
Oraefajokull,Iceland,Iceland-SE,64.0,-16.65,2010.0,Active
Brennisteinsfjoll,Iceland,Iceland-SW,63.933,-21.783,610.0,Active
Eldey,Iceland,Iceland-SW,63.733,-23.0,70.0,Active
Grimsnes,Iceland,Iceland-SW,64.05,-20.883,200.0,Dormant
Hengill,Iceland,Iceland-SW,64.083,-21.416,803.0,Active
Hofsjokull,Iceland,Iceland-SW,64.833,-18.766,1765.0,Dormant
Kristnitokugigar,Iceland,Iceland-SW,63.98,-21.42,301.0,Dormant
Krysuvik-Trolladyngja,Iceland,Iceland-SW,63.917,-22.067,360.0,Active
Oddnyjarhnjukur-Langjokull,Iceland,Iceland-SW,64.85,-19.7,1100.0,Active
Prestahnukur,Iceland,Iceland-SW,64.583,-20.666,1385.0,Dormant
Reykjanes,Iceland,Iceland-SW,63.817,-22.717,140.0,Active
Reykjaneshryggur,Iceland,Iceland-SW,63.67,-23.33,80.0,Active
Helgrindur,Iceland,Iceland-W,64.866,-23.283,986.0,Dormant
Ljosufjoll,Iceland,Iceland-W,64.9,-22.483,1063.0,Active
Snaefellsjokull,Iceland,Iceland-W,64.8,-23.783,1446.0,Active
Unnamed,Indian Ocean,Indian O-E,11.75,80.75,0.0,Dormant
"Est, Ile de l'",French Southern & Antarctic Lands,Indian O-S,-46.43,52.2,1090.0,Dormant
Kerguelen Islands,French Southern & Antarctic Lands,Indian O-S,-49.58,69.5,1840.0,Dormant
Heard,Heard I. & McDonald Is.,Indian O-S,-53.106,73.513,2745.0,Active
Amsterdam Island,Indian Ocean,Indian O-S,-37.83,77.52,881.0,Dormant
"Cochons, Ile Aux",Indian Ocean,Indian O-S,-46.1,50.23,775.0,Dormant
McDonald Islands,Indian Ocean,Indian O-S,-53.03,72.6,230.0,Active
"Possession, Ile de la",Indian Ocean,Indian O-S,-46.42,51.75,934.0,Dormant
Prince Edward Island,Indian Ocean,Indian O-S,-46.63,37.95,672.0,Dormant
St. Paul,Indian Ocean,Indian O-S,-38.72,77.53,268.0,Active
Marion Island,South Africa,Indian O-S,-46.9,37.75,1230.0,Active
"Grille, La",Comoros,Indian O-W,-11.47,43.33,1087.0,Dormant
Karthala,Comoros,Indian O-W,-11.75,43.38,2361.0,Active
Mayotte,France,Indian O-W,-12.83,45.17,660.0,Active
"Fournaise, Piton de la",Reunion,Indian O-W,-21.244,55.708,2632.0,Active
Krakatau,Indonesia,Indonesia,-6.101,105.423,285.0,Active
Bazman,Iran,Iran,28.07,60.0,3490.0,Dormant
Damavand,Iran,Iran,35.951,52.109,5670.0,Dormant
Kuh-e Nader,Iran,Iran,28.17,60.67,1500.0,Dormant
Qal'eh Hasan Ali,Iran,Iran,29.4,57.57,0.0,Dormant
Sabalan,Iran,Iran,38.268,47.835,4784.0,Dormant
Sahand,Iran,Iran,37.75,46.43,3707.0,Dormant
Taftan,Iran,Iran,28.6,61.13,3940.0,Dormant
Campi Flegrei,Italy,Italy,40.827,14.139,458.0,Active
Colli Albani,Italy,Italy,41.757,12.725,949.0,Dormant
Etna,Italy,Italy,37.748,14.999,3357.0,Active
Ischia,Italy,Italy,40.73,13.897,789.0,Active
Larderello,Italy,Italy,43.25,10.87,500.0,Active
Lipari,Italy,Italy,38.49,14.933,590.0,Active
Panarea,Italy,Italy,38.638,15.064,399.0,Active
Pantelleria,Italy,Italy,36.77,12.02,836.0,Active
Stromboli,Italy,Italy,38.789,15.213,924.0,Active
Vesuvius,Italy,Italy,40.821,14.426,1281.0,Active
Vulcano,Italy,Italy,38.404,14.962,500.0,Active
Vulsini,Italy,Italy,42.6,11.93,800.0,Dormant
Aogashima,Japan,Izu Is-Japan,32.458,139.759,423.0,Active
Hachijojima,Japan,Izu Is-Japan,33.137,139.766,854.0,Active
Izu-Oshima,Japan,Izu Is-Japan,34.724,139.394,746.0,Active
Izu-Torishima,Japan,Izu Is-Japan,30.484,140.303,394.0,Active
Kozushima,Japan,Izu Is-Japan,34.219,139.153,572.0,Active
Mikurajima,Japan,Izu Is-Japan,33.874,139.602,851.0,Dormant
Miyakejima,Japan,Izu Is-Japan,34.094,139.526,775.0,Active
Myojinsho,Japan,Izu Is-Japan,31.888,139.918,11.0,Active
Niijima,Japan,Izu Is-Japan,34.397,139.27,432.0,Active
Sofugan,Japan,Izu Is-Japan,29.794,140.342,99.0,Dormant
Sumisujima,Japan,Izu Is-Japan,31.44,140.051,136.0,Active
Toshima,Japan,Izu Is-Japan,34.52,139.279,508.0,Dormant
Maruyama,Japan,Japan,43.418,143.031,2013.0,Active
Arjuno-Welirang,Indonesia,Java,-7.733,112.575,3343.0,Active
Baluran,Indonesia,Java,-7.85,114.37,1247.0,Dormant
Ciremai,Indonesia,Java,-6.895,108.408,3039.0,Active
Dieng Volcanic Complex,Indonesia,Java,-7.2,109.879,2565.0,Active
Galunggung,Indonesia,Java,-7.25,108.058,2168.0,Active
Gede-Pangrango,Indonesia,Java,-6.786,106.983,3026.0,Active
Guntur,Indonesia,Java,-7.143,107.841,2251.0,Active
Ijen,Indonesia,Java,-8.058,114.242,2769.0,Active
Iyang-Argapura,Indonesia,Java,-7.97,113.57,3088.0,Dormant
"Karaha, Kawah",Indonesia,Java,-7.12,108.08,1155.0,Dormant
Karang,Indonesia,Java,-6.268,106.05,1768.0,Dormant
Kawi-Butak,Indonesia,Java,-7.92,112.45,2651.0,Dormant
Kelud,Indonesia,Java,-7.935,112.314,1730.0,Active
Kendang,Indonesia,Java,-7.245,107.709,2594.0,Dormant
Kiaraberes-Gagak,Indonesia,Java,-6.73,106.65,1511.0,Active
Lamongan,Indonesia,Java,-7.981,113.341,1641.0,Active
Lawu,Indonesia,Java,-7.625,111.192,3265.0,Dormant
Lurus,Indonesia,Java,-7.7,113.58,539.0,Dormant
Malabar,Indonesia,Java,-7.13,107.65,2343.0,Dormant
Malang Plain,Indonesia,Java,-8.02,112.68,680.0,Dormant
Merapi,Indonesia,Java,-7.54,110.446,2910.0,Active
Merbabu,Indonesia,Java,-7.454,110.44,3118.0,Active
Muria,Indonesia,Java,-6.62,110.88,1625.0,Dormant
Papandayan,Indonesia,Java,-7.32,107.73,2665.0,Active
Patuha,Indonesia,Java,-7.162,107.4,2422.0,Dormant
Penanggungan,Indonesia,Java,-7.616,112.62,1631.0,Dormant
Perbakti-Gagak,Indonesia,Java,-6.75,106.675,1726.0,Dormant
Pulosari,Indonesia,Java,-6.343,105.978,1324.0,Dormant
Raung,Indonesia,Java,-8.119,114.056,3260.0,Active
Salak,Indonesia,Java,-6.716,106.733,2218.0,Active
Semeru,Indonesia,Java,-8.108,112.922,3657.0,Active
Slamet,Indonesia,Java,-7.242,109.208,3428.0,Active
Sumbing,Indonesia,Java,-7.384,110.07,3371.0,Active
Sundoro,Indonesia,Java,-7.302,109.996,3147.0,Active
Talagabodas,Indonesia,Java,-7.208,108.07,2201.0,Dormant
Tampomas,Indonesia,Java,-6.764,107.961,1690.0,Dormant
Tangkuban Parahu,Indonesia,Java,-6.77,107.6,2084.0,Active
Telomoyo,Indonesia,Java,-7.362,110.4,1864.0,Dormant
Tengger Caldera,Indonesia,Java,-7.942,112.95,2329.0,Active
Ungaran,Indonesia,Java,-7.188,110.346,2033.0,Dormant
Wayang-Windu,Indonesia,Java,-7.208,107.63,2182.0,Dormant
Wilis,Indonesia,Java,-7.808,111.758,2563.0,Dormant
Akademia Nauk,Russia,Kamchatka,53.98,159.45,1180.0,Active
Akhtang,Russia,Kamchatka,55.43,158.65,1956.0,Dormant
Alney-Chashakondzha,Russia,Kamchatka,56.656,159.647,2570.0,Dormant
Alngey,Russia,Kamchatka,57.702,160.418,1822.0,Dormant
Anaun,Russia,Kamchatka,56.32,158.83,1828.0,Dormant
Asacha,Russia,Kamchatka,52.355,157.827,1910.0,Dormant
Avachinsky,Russia,Kamchatka,53.256,158.836,2717.0,Active
Bakening,Russia,Kamchatka,53.905,158.07,2278.0,Active
Barkhatnaya Sopka,Russia,Kamchatka,52.802,158.24,874.0,Dormant
Belenkaya,Russia,Kamchatka,51.75,157.27,892.0,Dormant
Bely,Russia,Kamchatka,57.88,160.53,2080.0,Dormant
Bezymianny,Russia,Kamchatka,55.972,160.595,2882.0,Active
Bliznets,Russia,Kamchatka,56.97,159.78,1244.0,Dormant
Bliznetsy,Russia,Kamchatka,57.35,161.37,265.0,Dormant
Bolshe-Bannaya,Russia,Kamchatka,52.9,157.78,1200.0,Dormant
Bolshoi Payalpan,Russia,Kamchatka,55.88,157.78,1906.0,Dormant
Bolshoi Semiachik,Russia,Kamchatka,54.32,160.02,1720.0,Dormant
Bolshoi-Kekuknaysky,Russia,Kamchatka,56.483,157.917,1401.0,Dormant
Cherny,Russia,Kamchatka,56.82,159.67,1778.0,Dormant
Cherpuk Group,Russia,Kamchatka,55.55,157.47,1868.0,Dormant
Diky Greben,Russia,Kamchatka,51.452,156.978,1040.0,Active
Dzenzursky,Russia,Kamchatka,53.637,158.922,2285.0,Dormant
Eggella,Russia,Kamchatka,56.57,158.52,1046.0,Dormant
Elovsky,Russia,Kamchatka,57.55,160.53,1381.0,Dormant
Fedotych,Russia,Kamchatka,57.13,160.4,965.0,Dormant
Gamchen,Russia,Kamchatka,54.974,160.703,2539.0,Dormant
Geodesistoy,Russia,Kamchatka,56.33,158.67,1170.0,Dormant
Golaya,Russia,Kamchatka,52.263,157.787,858.0,Dormant
Gorely,Russia,Kamchatka,52.555,158.036,1799.0,Active
Gorny Institute,Russia,Kamchatka,57.33,160.2,2125.0,Dormant
Ichinsky,Russia,Kamchatka,55.678,157.718,3596.0,Dormant
Iettunup,Russia,Kamchatka,58.4,161.08,1340.0,Dormant
Iktunup,Russia,Kamchatka,58.08,160.77,2300.0,Dormant
Iliinsky,Russia,Kamchatka,51.498,157.203,1555.0,Active
Kaileney,Russia,Kamchatka,57.8,160.67,1582.0,Dormant
Kambalny,Russia,Kamchatka,51.306,156.875,2116.0,Dormant
Kamen,Russia,Kamchatka,56.02,160.593,4585.0,Dormant
Karymsky,Russia,Kamchatka,54.049,159.443,1513.0,Active
Kebeney,Russia,Kamchatka,57.1,159.93,1527.0,Dormant
Kekurny,Russia,Kamchatka,56.4,158.85,1377.0,Dormant
Kell,Russia,Kamchatka,51.65,157.35,900.0,Dormant
Khangar,Russia,Kamchatka,54.761,157.407,1967.0,Dormant
Khodutka,Russia,Kamchatka,52.062,157.711,2039.0,Dormant
Kikhpinych,Russia,Kamchatka,54.489,160.251,1515.0,Active
Kinenin,Russia,Kamchatka,57.35,160.97,583.0,Active
Kizimen,Russia,Kamchatka,55.131,160.32,2334.0,Active
Klyuchevskoy,Russia,Kamchatka,56.056,160.642,4754.0,Active
Komarov,Russia,Kamchatka,55.033,160.725,2065.0,Dormant
Koryaksky,Russia,Kamchatka,53.321,158.712,3430.0,Active
Koshelev,Russia,Kamchatka,51.356,156.753,1822.0,Active
Kostakan,Russia,Kamchatka,53.833,158.052,1150.0,Dormant
Kozyrevsky,Russia,Kamchatka,55.58,158.38,2016.0,Dormant
Krainy,Russia,Kamchatka,56.37,159.03,1554.0,Dormant
Krasheninnikov,Russia,Kamchatka,54.596,160.27,1816.0,Active
Kronotsky,Russia,Kamchatka,54.753,160.533,3482.0,Active
Ksudach,Russia,Kamchatka,51.844,157.572,1079.0,Active
Kulkev,Russia,Kamchatka,56.37,158.37,915.0,Dormant
Kurile Lake,Russia,Kamchatka,51.45,157.12,81.0,Dormant
Leutongey,Russia,Kamchatka,57.306,159.827,1318.0,Dormant
Maly Payalpan,Russia,Kamchatka,55.82,157.98,1802.0,Dormant
Maly Semyachik,Russia,Kamchatka,54.135,159.674,1527.0,Active
Mashkovtsev,Russia,Kamchatka,51.1,156.72,503.0,Dormant
Mezhdusopochny,Russia,Kamchatka,57.47,160.25,1641.0,Dormant
Mutnovsky,Russia,Kamchatka,52.449,158.196,2288.0,Active
Nylgimelkin,Russia,Kamchatka,57.97,160.65,1764.0,Dormant
Olkoviy Volcanic Group,Russia,Kamchatka,52.02,157.53,681.0,Dormant
Opala,Russia,Kamchatka,52.543,157.339,2439.0,Active
Ostanets,Russia,Kamchatka,52.146,157.322,719.0,Dormant
Ostry,Russia,Kamchatka,58.18,160.82,2552.0,Dormant
Otdelniy,Russia,Kamchatka,52.221,157.435,814.0,Dormant
Ozernoy,Russia,Kamchatka,51.88,157.38,562.0,Dormant
Piratkovsky,Russia,Kamchatka,52.113,157.849,1322.0,Dormant
Plosky,Russia,Kamchatka,55.2,158.47,1236.0,Dormant
Plosky,Russia,Kamchatka,57.83,160.25,1255.0,Dormant
Pogranychny,Russia,Kamchatka,56.85,159.8,1427.0,Dormant
Romanovka,Russia,Kamchatka,55.65,158.8,1442.0,Dormant
Schmidt,Russia,Kamchatka,54.92,160.63,2020.0,Dormant
Sedanka Lava Field,Russia,Kamchatka,57.317,160.067,1399.0,Dormant
Severny,Russia,Kamchatka,58.28,160.87,1936.0,Dormant
Sheveluch,Russia,Kamchatka,56.653,161.36,3283.0,Active
Shisheika,Russia,Kamchatka,57.153,161.09,355.0,Dormant
Shishel,Russia,Kamchatka,57.45,160.37,2525.0,Dormant
Snegovoy,Russia,Kamchatka,58.2,160.97,2169.0,Dormant
Snezhniy,Russia,Kamchatka,58.02,160.8,2169.0,Dormant
Spokoiny,Russia,Kamchatka,58.13,160.82,2171.0,Dormant
Taunshits,Russia,Kamchatka,54.528,159.804,2301.0,Dormant
Terpuk,Russia,Kamchatka,57.2,159.83,765.0,Dormant
Titila,Russia,Kamchatka,57.406,160.108,1523.0,Dormant
Tolbachik,Russia,Kamchatka,55.832,160.326,3611.0,Active
Tolmachev Dol,Russia,Kamchatka,52.63,157.58,1021.0,Dormant
Tuzovsky,Russia,Kamchatka,57.32,159.967,1516.0,Dormant
Udina,Russia,Kamchatka,55.758,160.527,2886.0,Dormant
Uka,Russia,Kamchatka,57.706,160.59,1607.0,Dormant
Uksichan,Russia,Kamchatka,56.08,158.38,1692.0,Dormant
Unnamed,Russia,Kamchatka,56.82,158.95,1185.0,Dormant
Unnamed,Russia,Kamchatka,52.57,157.02,610.0,Dormant
Unnamed,Russia,Kamchatka,52.92,158.52,450.0,Dormant
Unnamed,Russia,Kamchatka,52.88,158.3,700.0,Dormant
Unnamed,Russia,Kamchatka,55.92,161.75,0.0,Dormant
Ushkovsky,Russia,Kamchatka,56.113,160.509,3943.0,Active
Uzon,Russia,Kamchatka,54.489,159.974,1617.0,Dormant
Veer,Russia,Kamchatka,53.753,158.448,520.0,Dormant
Verkhovoy,Russia,Kamchatka,56.52,159.53,1400.0,Dormant
Vilyuchinsky,Russia,Kamchatka,52.7,158.28,2173.0,Dormant
Visokiy,Russia,Kamchatka,52.435,157.933,1227.0,Dormant
Voyampolsky,Russia,Kamchatka,58.374,160.631,1103.0,Dormant
Vysoky,Russia,Kamchatka,55.064,160.765,2129.0,Dormant
Yavinsky,Russia,Kamchatka,51.533,156.629,646.0,Dormant
Zaozerny,Russia,Kamchatka,56.88,159.95,1349.0,Dormant
Zavaritsky,Russia,Kamchatka,53.905,158.385,1567.0,Dormant
Zheltovsky,Russia,Kamchatka,51.577,157.328,1926.0,Active
Zhupanovsky,Russia,Kamchatka,53.589,159.15,2899.0,Active
Zimina,Russia,Kamchatka,55.862,160.603,3057.0,Dormant
Curtis Island,New Zealand,Kermadec Is,-30.543,-178.556,47.0,Dormant
Macauley,New Zealand,Kermadec Is,-30.21,-178.475,238.0,Dormant
Raoul Island,New Zealand,Kermadec Is,-29.27,-177.92,516.0,Active
Ch'uga-ryong,North Korea,Korea,38.33,127.33,452.0,Dormant
Xianjindao,North Korea,Korea,41.33,128.0,0.0,Active
Halla,South Korea,Korea,33.361,126.53,1919.0,Active
Ulleungdo,South Korea,Korea,37.5,130.87,984.0,Dormant
Alaid,Russia,Kuril Is,50.861,155.565,2285.0,Active
Berutarubesan [Berutarube],Russia,Kuril Is,44.462,146.932,1221.0,Dormant
Chachadake [Tiatia],Russia,Kuril Is,44.353,146.252,1822.0,Active
Chikurachki,Russia,Kuril Is,50.324,155.461,1781.0,Active
Chirinkotan,Russia,Kuril Is,48.98,153.48,724.0,Active
Chirippusan [Chirip],Russia,Kuril Is,45.338,147.92,1587.0,Active
Chirpoi,Russia,Kuril Is,46.532,150.871,742.0,Active
Ebeko,Russia,Kuril Is,50.686,156.014,1103.0,Active
Ekarma,Russia,Kuril Is,48.958,153.93,1170.0,Active
Etorofu-Atosanupuri [Atosanupuri],Russia,Kuril Is,44.808,147.131,1206.0,Active
Etorofu-Yakeyama [Grozny Group],Russia,Kuril Is,45.012,147.871,1158.0,Active
Fuss Peak,Russia,Kuril Is,50.267,155.246,1742.0,Active
Goriaschaia Sopka,Russia,Kuril Is,46.83,151.75,891.0,Active
Hitokappu Volcano Group,Russia,Kuril Is,44.857,147.403,1610.0,Dormant
Ivao Group,Russia,Kuril Is,45.759,149.676,1426.0,Dormant
Karpinsky Group,Russia,Kuril Is,50.148,155.373,1326.0,Active
Ketoi,Russia,Kuril Is,47.35,152.475,1172.0,Active
Kharimkotan,Russia,Kuril Is,49.12,154.508,1145.0,Active
Kolokol Group,Russia,Kuril Is,46.042,150.083,1328.0,Active
Lomonosov Group,Russia,Kuril Is,50.25,155.43,1681.0,Dormant
Milna,Russia,Kuril Is,46.815,151.786,1504.0,Dormant
Moekeshiwan [Lvinaya Past],Russia,Kuril Is,44.608,146.994,528.0,Dormant
Moyorodake [Medvezhia],Russia,Kuril Is,45.389,148.838,1124.0,Active
Nemo Peak,Russia,Kuril Is,49.57,154.808,1018.0,Active
Odamoisan [Tebenkov],Russia,Kuril Is,45.028,147.918,1208.0,Dormant
Prevo Peak,Russia,Kuril Is,47.014,152.117,1360.0,Active
Raikoke,Russia,Kuril Is,48.292,153.25,551.0,Active
Rakkibetsudake [Demon],Russia,Kuril Is,45.5,148.85,1205.0,Dormant
Rasshua,Russia,Kuril Is,47.77,153.02,956.0,Active
Raususan [Mendeleev],Russia,Kuril Is,43.979,145.733,882.0,Active
Rucharuyama [Golets-Tornyi Group],Russia,Kuril Is,45.25,148.35,442.0,Dormant
Rudakov,Russia,Kuril Is,45.874,149.819,532.0,Dormant
Ruruidake [Smirnov],Russia,Kuril Is,44.454,146.139,1486.0,Dormant
Sarychev Peak,Russia,Kuril Is,48.092,153.2,1496.0,Active
Sashiusudake [Baransky],Russia,Kuril Is,45.1,148.019,1125.0,Active
Shirinki,Russia,Kuril Is,50.2,154.98,761.0,Dormant
Sinarka,Russia,Kuril Is,48.873,154.182,911.0,Active
Srednii,Russia,Kuril Is,47.586,152.893,36.0,Dormant
Tao-Rusyr Caldera,Russia,Kuril Is,49.34,154.725,1272.0,Active
Tomariyama [Golovnin],Russia,Kuril Is,43.844,145.504,535.0,Active
Tri Sestry,Russia,Kuril Is,45.93,149.92,998.0,Dormant
Uratman,Russia,Kuril Is,47.12,152.25,678.0,Dormant
Ushishur,Russia,Kuril Is,47.513,152.814,357.0,Active
Vernadskii Ridge,Russia,Kuril Is,50.55,155.97,1183.0,Dormant
Zavaritzki Caldera,Russia,Kuril Is,46.918,151.952,612.0,Active
Aira,Japan,Kyushu-Japan,31.577,130.659,1117.0,Active
Asosan,Japan,Kyushu-Japan,32.885,131.085,1592.0,Active
Ata,Japan,Kyushu-Japan,31.22,130.57,924.0,Active
Fukue,Japan,Kyushu-Japan,32.657,128.849,315.0,Dormant
Kirishimayama,Japan,Kyushu-Japan,31.934,130.862,1700.0,Active
Kujusan,Japan,Kyushu-Japan,33.086,131.249,1791.0,Active
Unzendake,Japan,Kyushu-Japan,32.761,130.299,1483.0,Active
Yonemaru-Sumiyoshiike,Japan,Kyushu-Japan,31.771,130.592,40.0,Dormant
Yufu-Tsurumi,Japan,Kyushu-Japan,33.282,131.39,1584.0,Active
Agung,Indonesia,Lesser Sunda Is,-8.343,115.508,2997.0,Active
Batur,Indonesia,Lesser Sunda Is,-8.24,115.378,1711.0,Active
Buyan-Bratan,Indonesia,Lesser Sunda Is,-8.283,115.133,2244.0,Dormant
Ebulobo,Indonesia,Lesser Sunda Is,-8.817,121.191,2096.0,Active
Egon,Indonesia,Lesser Sunda Is,-8.676,122.455,1661.0,Active
Iliboleng,Indonesia,Lesser Sunda Is,-8.342,123.258,1659.0,Active
Ililabalekan,Indonesia,Lesser Sunda Is,-8.55,123.38,1018.0,Dormant
Ilimuda,Indonesia,Lesser Sunda Is,-8.479,122.761,881.0,Dormant
Iliwerung,Indonesia,Lesser Sunda Is,-8.532,123.573,583.0,Active
Inielika,Indonesia,Lesser Sunda Is,-8.73,120.98,1559.0,Active
Inierie,Indonesia,Lesser Sunda Is,-8.875,120.95,2245.0,Dormant
Iya,Indonesia,Lesser Sunda Is,-8.891,121.641,618.0,Active
Kelimutu,Indonesia,Lesser Sunda Is,-8.77,121.82,1639.0,Active
Leroboleng,Indonesia,Lesser Sunda Is,-8.365,122.833,1095.0,Active
Lewotobi,Indonesia,Lesser Sunda Is,-8.542,122.775,1703.0,Active
Lewotobi Perempuan,Indonesia,Lesser Sunda Is,-8.575,122.78,1703.0,Active
Lewotolok,Indonesia,Lesser Sunda Is,-8.274,123.508,1431.0,Active
Ndete Napu,Indonesia,Lesser Sunda Is,-8.72,121.78,750.0,Dormant
Paluweh,Indonesia,Lesser Sunda Is,-8.32,121.708,875.0,Active
Poco Leok,Indonesia,Lesser Sunda Is,-8.68,120.48,1675.0,Dormant
Ranakah,Indonesia,Lesser Sunda Is,-8.637,120.53,2288.0,Active
Rinjani,Indonesia,Lesser Sunda Is,-8.42,116.47,3726.0,Active
Sangeang Api,Indonesia,Lesser Sunda Is,-8.2,119.07,1912.0,Active
"Sano, Wai",Indonesia,Lesser Sunda Is,-8.735,120.007,1319.0,Dormant
Sirung,Indonesia,Lesser Sunda Is,-8.497,124.131,1347.0,Active
Sukaria Caldera,Indonesia,Lesser Sunda Is,-8.792,121.77,1500.0,Dormant
Tambora,Indonesia,Lesser Sunda Is,-8.25,118.0,2850.0,Active
"Tara, Batu",Indonesia,Lesser Sunda Is,-7.791,123.585,633.0,Active
Babuyan Claro,Philippines,Luzon-N of,19.524,121.95,1064.0,Active
Camiguin de Babuyanes,Philippines,Luzon-N of,18.83,121.86,712.0,Active
Didicas,Philippines,Luzon-N of,19.077,122.202,228.0,Active
Iraya,Philippines,Luzon-N of,20.469,122.01,1009.0,Active
Smith Volcano,Philippines,Luzon-N of,19.523,121.94,2090.0,Active
Ambalatungan Group,Philippines,Luzon-Philippines,17.32,121.1,2329.0,Dormant
Amorong,Philippines,Luzon-Philippines,15.828,120.805,376.0,Dormant
Arayat,Philippines,Luzon-Philippines,15.2,120.742,1026.0,Dormant
Banahaw,Philippines,Luzon-Philippines,14.07,121.48,2158.0,Dormant
Bulusan,Philippines,Luzon-Philippines,12.769,124.056,1535.0,Active
Cagua,Philippines,Luzon-Philippines,18.222,122.123,1133.0,Dormant
Iriga,Philippines,Luzon-Philippines,13.458,123.451,1138.0,Active
Isarog,Philippines,Luzon-Philippines,13.658,123.38,1966.0,Dormant
Laguna Caldera,Philippines,Luzon-Philippines,14.42,121.27,743.0,Dormant
Malinao,Philippines,Luzon-Philippines,13.422,123.597,1548.0,Dormant
Malindig,Philippines,Luzon-Philippines,13.24,122.018,1157.0,Dormant
Mariveles,Philippines,Luzon-Philippines,14.527,120.482,1388.0,Dormant
Masaraga,Philippines,Luzon-Philippines,13.31,123.598,1294.0,Dormant
Mayon,Philippines,Luzon-Philippines,13.257,123.685,2462.0,Active
Natib,Philippines,Luzon-Philippines,14.72,120.4,1253.0,Dormant
Patoc,Philippines,Luzon-Philippines,17.147,120.98,1865.0,Dormant
Pinatubo,Philippines,Luzon-Philippines,15.13,120.35,1486.0,Active
Pocdol Mountains,Philippines,Luzon-Philippines,13.05,123.958,1102.0,Dormant
San Pablo Volcanic Field,Philippines,Luzon-Philippines,14.12,121.3,1090.0,Dormant
Santo Tomas,Philippines,Luzon-Philippines,16.33,120.55,2260.0,Dormant
Taal,Philippines,Luzon-Philippines,14.011,120.998,311.0,Active
Ambre-Bobaomby,Madagascar,Madagascar,-12.6,49.15,1475.0,Dormant
Ankaizina Field,Madagascar,Madagascar,-14.3,48.67,2878.0,Dormant
Itasy Volcanic Field,Madagascar,Madagascar,-19.033,46.7,1800.0,Dormant
Nosy-Be,Madagascar,Madagascar,-13.32,48.48,214.0,Dormant
Vakinankaratra,Madagascar,Madagascar,-19.85,46.942,2644.0,Dormant
Agrigan,United States,Mariana Is-C Pacific,18.77,145.67,965.0,Active
Alamagan,United States,Mariana Is-C Pacific,17.6,145.83,744.0,Active
Anatahan,United States,Mariana Is-C Pacific,16.35,145.67,790.0,Dormant
Asuncion,United States,Mariana Is-C Pacific,19.671,145.406,857.0,Active
Farallon de Pajaros,United States,Mariana Is-C Pacific,20.546,144.893,337.0,Active
Guguan,United States,Mariana Is-C Pacific,17.307,145.845,287.0,Active
Maug Islands,United States,Mariana Is-C Pacific,20.02,145.22,227.0,Dormant
Pagan,United States,Mariana Is-C Pacific,18.13,145.8,570.0,Active
Sarigan,United States,Mariana Is-C Pacific,16.708,145.78,538.0,Dormant
Zealandia Bank,United States,Mariana Is-C Pacific,16.88,145.85,0.0,Dormant
"Atlixcos, Los",Mexico,Mexico,19.81,-96.527,775.0,Dormant
Ceboruco,Mexico,Mexico,21.125,-104.508,2280.0,Active
Chichinautzin,Mexico,Mexico,19.139,-99.16,3938.0,Active
"Chichon, El",Mexico,Mexico,17.36,-93.23,1150.0,Active
Cofre de Perote,Mexico,Mexico,19.492,-97.15,4282.0,Active
Colima,Mexico,Mexico,19.514,-103.62,3850.0,Active
Comondu-La Purisima,Mexico,Mexico,26.0,-111.92,780.0,Dormant
Coronado,Mexico,Mexico,29.08,-113.513,440.0,Dormant
"Cumbres, Las",Mexico,Mexico,19.15,-97.27,3940.0,Dormant
Durango Volcanic Field,Mexico,Mexico,24.15,-104.45,2075.0,Dormant
"Gloria, La",Mexico,Mexico,19.33,-97.25,3500.0,Dormant
Guadalupe,Mexico,Mexico,29.07,-118.28,1100.0,Dormant
"Humeros, Los",Mexico,Mexico,19.68,-97.45,3150.0,Dormant
"Isabel, Isla",Mexico,Mexico,21.848,-105.886,95.0,Dormant
Iztaccihuatl,Mexico,Mexico,19.179,-98.642,5230.0,Dormant
Jaraguay Volcanic Field,Mexico,Mexico,29.33,-114.5,960.0,Dormant
Jocotitlan,Mexico,Mexico,19.73,-99.758,3900.0,Active
"Malinche, La",Mexico,Mexico,19.231,-98.032,4461.0,Dormant
Mascota Volcanic Field,Mexico,Mexico,20.567,-104.817,2525.0,Dormant
Michoacan-Guanajuato,Mexico,Mexico,19.85,-101.75,3860.0,Active
Naolinco Volcanic Field,Mexico,Mexico,19.67,-96.75,2000.0,Dormant
"Orizaba, Pico de",Mexico,Mexico,19.03,-97.27,5564.0,Active
Papayo,Mexico,Mexico,19.308,-98.7,3600.0,Dormant
Paricutin Volcanic Field,Mexico,Mexico,19.48,-102.25,3860.0,Active
Pinacate,Mexico,Mexico,31.85,-113.5,1183.0,Dormant
Popocatepetl,Mexico,Mexico,19.023,-98.622,5393.0,Active
"Prieto, Cerro",Mexico,Mexico,32.418,-115.305,223.0,Dormant
San Borja Volcanic Field,Mexico,Mexico,28.5,-113.75,1360.0,Dormant
"San Luis, Isla",Mexico,Mexico,29.973,-114.408,183.0,Dormant
San Martin,Mexico,Mexico,18.57,-95.2,1650.0,Active
San Quintin Volcanic Field,Mexico,Mexico,30.468,-115.996,260.0,Dormant
Sanganguey,Mexico,Mexico,21.45,-104.73,2340.0,Dormant
Serdan-Oriental,Mexico,Mexico,19.27,-97.47,3485.0,Dormant
Tacana,Mexico,Mexico,15.132,-92.109,4064.0,Active
"Toluca, Nevado de",Mexico,Mexico,19.108,-99.758,4680.0,Dormant
"Tortuga, Isla",Mexico,Mexico,27.438,-111.881,224.0,Dormant
Tres Virgenes,Mexico,Mexico,27.47,-112.591,1934.0,Dormant
Unnamed,Mexico,Mexico,28.0,-115.0,0.0,Dormant
Zitacuaro-Valle de Bravo,Mexico,Mexico,19.4,-100.25,3500.0,Active
Barcena,Mexico,Mexico-Is,19.3,-110.82,332.0,Active
Socorro,Mexico,Mexico-Is,18.78,-110.95,1050.0,Active
Apo,Philippines,Mindanao-Philippines,6.989,125.269,2938.0,Dormant
Balatocan,Philippines,Mindanao-Philippines,8.8,124.92,2450.0,Dormant
Balut,Philippines,Mindanao-Philippines,5.398,125.376,840.0,Dormant
Camiguin,Philippines,Mindanao-Philippines,9.203,124.673,1552.0,Active
Kalatungan,Philippines,Mindanao-Philippines,7.95,124.8,2824.0,Dormant
Latukan,Philippines,Mindanao-Philippines,7.65,124.47,2338.0,Dormant
Leonard Range,Philippines,Mindanao-Philippines,7.382,126.047,1080.0,Dormant
Makaturing,Philippines,Mindanao-Philippines,7.644,124.317,1818.0,Dormant
Malindang,Philippines,Mindanao-Philippines,8.22,123.63,2404.0,Dormant
Matutum,Philippines,Mindanao-Philippines,6.36,125.077,2262.0,Dormant
Melebingoy,Philippines,Mindanao-Philippines,6.113,124.892,1824.0,Active
Musuan,Philippines,Mindanao-Philippines,7.877,125.07,610.0,Active
Paco,Philippines,Mindanao-Philippines,9.593,125.52,524.0,Dormant
Ragang,Philippines,Mindanao-Philippines,7.691,124.507,2790.0,Active
Bus-Obo,Mongolia,Mongolia,47.12,109.08,1162.0,Dormant
Dariganga Volcanic Field,Mongolia,Mongolia,45.754,114.279,1778.0,Dormant
Khanuy Gol,Mongolia,Mongolia,48.67,102.75,1886.0,Dormant
Middle Gobi,Mongolia,Mongolia,45.28,106.7,1120.0,Dormant
Taryatu-Chulutu,Mongolia,Mongolia,48.133,99.95,2326.0,Dormant
Bamus,Papua New Guinea,New Britain-SW Pac,-5.2,151.23,2248.0,Active
Bola,Papua New Guinea,New Britain-SW Pac,-5.141,150.038,1116.0,Dormant
Dakataua,Papua New Guinea,New Britain-SW Pac,-5.046,150.1,408.0,Active
Garove,Papua New Guinea,New Britain-SW Pac,-4.687,149.511,368.0,Dormant
Garua Harbour,Papua New Guinea,New Britain-SW Pac,-5.3,150.07,565.0,Dormant
Hargy,Papua New Guinea,New Britain-SW Pac,-5.33,151.1,1148.0,Active
Krummel-Garbuna-Welcker,Papua New Guinea,New Britain-SW Pac,-5.416,150.027,564.0,Dormant
Langila,Papua New Guinea,New Britain-SW Pac,-5.525,148.42,1330.0,Active
Lolo,Papua New Guinea,New Britain-SW Pac,-5.466,150.509,796.0,Dormant
Lolobau,Papua New Guinea,New Britain-SW Pac,-4.916,151.162,878.0,Active
Mundua,Papua New Guinea,New Britain-SW Pac,-4.624,149.339,171.0,Dormant
Rabaul,Papua New Guinea,New Britain-SW Pac,-4.246,152.194,688.0,Active
Sulu Range,Papua New Guinea,New Britain-SW Pac,-5.5,150.942,610.0,Dormant
Tavui,Papua New Guinea,New Britain-SW Pac,-4.109,152.213,200.0,Dormant
Ulawun,Papua New Guinea,New Britain-SW Pac,-5.05,151.33,2334.0,Active
Unnamed,Papua New Guinea,New Britain-SW Pac,-5.2,148.57,0.0,Dormant
Unnamed,Papua New Guinea,New Britain-SW Pac,-4.75,150.85,0.0,Dormant
Witori,Papua New Guinea,New Britain-SW Pac,-5.575,150.516,724.0,Active
Crater Mountain,Papua New Guinea,New Guinea,-6.58,145.08,3233.0,Dormant
Doma Peaks,Papua New Guinea,New Guinea,-5.9,143.15,3568.0,Dormant
Hydrographers Range,Papua New Guinea,New Guinea,-9.0,148.37,1915.0,Dormant
Koranga,Papua New Guinea,New Guinea,-7.33,146.708,1500.0,Dormant
Lamington,Papua New Guinea,New Guinea,-8.95,148.15,1680.0,Active
Madilogo,Papua New Guinea,New Guinea,-9.2,147.57,850.0,Dormant
Managlase Plateau,Papua New Guinea,New Guinea,-9.08,148.33,1342.0,Dormant
Musa River,Papua New Guinea,New Guinea,-9.308,148.13,808.0,Dormant
Sessagara,Papua New Guinea,New Guinea,-9.549,149.151,493.0,Dormant
Sessagara Hills,Papua New Guinea,New Guinea,-9.554,149.128,493.0,Active
Victory,Papua New Guinea,New Guinea,-9.2,149.072,1832.0,Active
Yelia,Papua New Guinea,New Guinea,-7.05,145.858,3384.0,Dormant
Bam,Papua New Guinea,New Guinea-NE of,-3.613,144.818,685.0,Active
Blup Blup,Papua New Guinea,New Guinea-NE of,-3.507,144.605,402.0,Dormant
Boisa,Papua New Guinea,New Guinea-NE of,-3.994,144.963,240.0,Dormant
Kadovar,Papua New Guinea,New Guinea-NE of,-3.608,144.588,365.0,Dormant
Karkar,Papua New Guinea,New Guinea-NE of,-4.647,145.976,1839.0,Active
Long Island,Papua New Guinea,New Guinea-NE of,-5.358,147.12,1280.0,Active
Manam,Papua New Guinea,New Guinea-NE of,-4.08,145.037,1807.0,Active
Ritter Island,Papua New Guinea,New Guinea-NE of,-5.519,148.115,75.0,Active
Sakar,Papua New Guinea,New Guinea-NE of,-5.414,148.094,992.0,Dormant
Umboi,Papua New Guinea,New Guinea-NE of,-5.592,147.892,1335.0,Dormant
Ambitle,Papua New Guinea,New Ireland-SW Pacif,-4.08,153.65,450.0,Dormant
Lihir,Papua New Guinea,New Ireland-SW Pacif,-3.125,152.642,700.0,Dormant
Auckland Volcanic Field,New Zealand,New Zealand,-36.89,174.81,260.0,Active
Kaikohe-Bay of Islands,New Zealand,New Zealand,-35.3,173.9,388.0,Active
Maroa,New Zealand,New Zealand,-38.42,176.08,897.0,Active
Mayor Island,New Zealand,New Zealand,-37.28,176.25,355.0,Dormant
Ngauruhoe,New Zealand,New Zealand,-39.158,175.63,2291.0,Active
Okataina,New Zealand,New Zealand,-38.157,176.507,1111.0,Active
Reporoa,New Zealand,New Zealand,-38.42,176.33,592.0,Active
Ruapehu,New Zealand,New Zealand,-39.28,175.57,2797.0,Active
Taranaki,New Zealand,New Zealand,-39.3,174.07,2518.0,Active
Taupo,New Zealand,New Zealand,-38.781,175.893,760.0,Active
Tongariro,New Zealand,New Zealand,-39.157,175.632,1978.0,Active
Whakaari/White Island,New Zealand,New Zealand,-37.52,177.18,294.0,Active
Whangarei,New Zealand,New Zealand,-35.75,174.27,397.0,Dormant
Apoyeque,Nicaragua,Nicaragua,12.242,-86.342,518.0,Dormant
"Azul, Volcan",Nicaragua,Nicaragua,12.53,-83.87,201.0,Dormant
"Ciguatepe, Cerro El",Nicaragua,Nicaragua,12.53,-86.142,603.0,Dormant
Concepcion,Nicaragua,Nicaragua,11.538,-85.622,1700.0,Active
Cosiguina,Nicaragua,Nicaragua,12.98,-87.57,872.0,Active
Esteli,Nicaragua,Nicaragua,13.17,-86.4,899.0,Dormant
Granada,Nicaragua,Nicaragua,11.9,-85.979,250.0,Dormant
"Lajas, Las",Nicaragua,Nicaragua,12.3,-85.73,926.0,Dormant
Las Pilas-El Hoyo Complex,Nicaragua,Nicaragua,12.492,-86.679,1088.0,Active
Maderas,Nicaragua,Nicaragua,11.446,-85.515,1394.0,Dormant
Masaya,Nicaragua,Nicaragua,11.984,-86.169,594.0,Active
Mombacho,Nicaragua,Nicaragua,11.826,-85.968,1344.0,Dormant
Momotombo,Nicaragua,Nicaragua,12.423,-86.539,1270.0,Active
"Negro, Cerro",Nicaragua,Nicaragua,12.506,-86.702,728.0,Active
Nejapa-Miraflores,Nicaragua,Nicaragua,12.12,-86.32,360.0,Dormant
Rota,Nicaragua,Nicaragua,12.55,-86.75,832.0,Dormant
San Cristobal,Nicaragua,Nicaragua,12.702,-87.004,1745.0,Active
Telica,Nicaragua,Nicaragua,12.606,-86.84,1036.0,Active
Zapatera,Nicaragua,Nicaragua,11.73,-85.82,629.0,Dormant
Antipodes Island,New Zealand,Pacific-S,-49.683,178.767,402.0,Dormant
Baru,Panama,Panama,8.808,-82.543,3474.0,Active
"Valle, El",Panama,Panama,8.58,-80.17,1185.0,Dormant
Andahua-Orcopampa,Peru,Peru,-15.42,-72.33,4713.0,Dormant
"Auquihuato, Cerro",Peru,Peru,-15.07,-73.18,4980.0,Dormant
"Casiri, Nevados",Peru,Peru,-17.485,-69.789,5650.0,Dormant
"Chachani, Nevado",Peru,Peru,-16.191,-71.53,5626.0,Dormant
Coropuna,Peru,Peru,-15.52,-72.65,6377.0,Active
Huambo,Peru,Peru,-15.78,-72.08,4554.0,Dormant
Huaynaputina,Peru,Peru,-16.614,-70.854,4679.0,Active
Kimsachata-Oroscocha,Peru,Peru,-14.131,-71.363,3848.0,Dormant
"Misti, El",Peru,Peru,-16.294,-71.409,5822.0,Active
"Nicholson, Cerro",Peru,Peru,-16.261,-71.754,2525.0,Dormant
Sabancaya,Peru,Peru,-15.787,-71.857,5960.0,Active
Sara Sara,Peru,Peru,-15.33,-73.45,5522.0,Dormant
Ticsani,Peru,Peru,-16.759,-70.598,5382.0,Dormant
Tutupaca,Peru,Peru,-17.026,-70.372,5801.0,Active
Ubinas,Peru,Peru,-16.345,-70.897,5608.0,Active
Yucamane,Peru,Peru,-17.184,-70.196,5495.0,Active
Biliran,Philippines,Philippines-C,11.523,124.535,1301.0,Active
Cabalian,Philippines,Philippines-C,10.285,125.218,912.0,Dormant
Cuernos de Negros,Philippines,Philippines-C,9.25,123.17,1862.0,Dormant
Kanlaon,Philippines,Philippines-C,10.41,123.13,2422.0,Active
Mahagnao,Philippines,Philippines-C,10.882,124.888,860.0,Dormant
Mandalagan,Philippines,Philippines-C,10.65,123.25,1885.0,Dormant
Silay,Philippines,Philippines-C,10.77,123.23,1510.0,Dormant
Hanish,Yemen,Red Sea,13.72,42.73,422.0,Dormant
"Tair, Jebel at",Yemen,Red Sea,15.55,41.83,244.0,Active
Zubair Group,Yemen,Red Sea,15.05,42.18,191.0,Active
Zukur,Yemen,Red Sea,14.02,42.75,624.0,Dormant
Azas Plateau,Russia,Russia-SE,52.433,98.303,2765.0,Dormant
Jom-Bolok,Russia,Russia-SE,52.713,99.021,2047.0,Dormant
Southern Sikhote-Alin,Russia,Russia-SE,44.5,135.5,0.0,Dormant
Tunkin Depression,Russia,Russia-SE,51.5,102.5,1200.0,Dormant
Udokan Plateau,Russia,Russia-SE,56.28,117.77,2180.0,Dormant
Vitim Volcanic Field,Russia,Russia-SE,53.75,113.25,1250.0,Dormant
Elbrus,Russia,Russia-SW,43.351,42.442,5642.0,Active
Akusekijima,Japan,Ryukyu Is,29.465,129.594,555.0,Dormant
Io-Torishima,Japan,Ryukyu Is,27.881,128.223,212.0,Active
Kikai,Japan,Ryukyu Is,30.793,130.305,704.0,Active
Kuchino-shima,Japan,Ryukyu Is,29.97,129.93,627.0,Dormant
Kuchinoerabujima,Japan,Ryukyu Is,30.443,130.217,657.0,Active
Kuchinoshima,Japan,Ryukyu Is,29.968,129.926,628.0,Active
Nakanoshima,Japan,Ryukyu Is,29.859,129.857,979.0,Active
Suwanosejima,Japan,Ryukyu Is,29.638,129.714,796.0,Active
Yokoatejima,Japan,Ryukyu Is,28.797,128.997,495.0,Dormant
Tutuila,American Samoa,Samoa-SW Pacific,-14.29,-170.702,653.0,Dormant
Savaii,Samoa,Samoa-SW Pacific,-13.612,-172.525,1858.0,Active
Upolu,Samoa,Samoa-SW Pacific,-13.935,-171.72,1100.0,Dormant
Ofu-Olosega,United States,Samoa-SW Pacific,-14.175,-169.618,639.0,Active
Ta'u,United States,Samoa-SW Pacific,-14.23,-169.454,931.0,Dormant
Awu,Indonesia,Sangihe Is-Indonesia,3.689,125.447,1318.0,Active
Karangetang,Indonesia,Sangihe Is-Indonesia,2.781,125.407,1797.0,Active
Ruang,Indonesia,Sangihe Is-Indonesia,2.3,125.37,725.0,Active
Tinakula,Solomon Is.,Santa Cruz Is-SW Pac,-10.386,165.804,796.0,Active
Hainan Volcanic Field,China,SE Asia,19.905,110.229,196.0,Active
Leizhou Bandao,China,SE Asia,20.83,109.78,259.0,Dormant
Lower Chindwin,Myanmar,SE Asia,22.28,95.1,385.0,Dormant
Popa,Myanmar,SE Asia,20.92,95.25,1518.0,Dormant
Singu Plateau,Myanmar,SE Asia,22.7,95.98,507.0,Dormant
Bas Dong Nai,Vietnam,SE Asia,10.8,107.2,392.0,Dormant
Haut Dong Nai,Vietnam,SE Asia,11.6,108.2,1000.0,Dormant
Ly Son Group,Vietnam,SE Asia,15.38,109.12,157.0,Dormant
Toroeng Prong,Vietnam,SE Asia,14.93,108.0,800.0,Dormant
Mehetia,France,Society Is-C Pacific,-17.874,-148.068,389.0,Dormant
Gallego,Solomon Is.,Solomon Is-SW Pacifi,-9.35,159.73,1000.0,Dormant
Savo,Solomon Is.,Solomon Is-SW Pacifi,-9.13,159.82,485.0,Active
Simbo,Solomon Is.,Solomon Is-SW Pacifi,-8.292,156.52,335.0,Dormant
Calatrava Volcanic Field,Spain,Spain,38.87,-4.02,1117.0,Dormant
Olot Volcanic Field,Spain,Spain,42.17,2.53,893.0,Dormant
Ambang,Indonesia,Sulawesi-Indonesia,0.75,124.42,1795.0,Active
Colo,Indonesia,Sulawesi-Indonesia,-0.162,121.601,404.0,Active
Klabat,Indonesia,Sulawesi-Indonesia,1.454,125.031,1968.0,Dormant
Lokon-Empung,Indonesia,Sulawesi-Indonesia,1.358,124.792,1580.0,Active
Mahawu,Indonesia,Sulawesi-Indonesia,1.352,124.865,1299.0,Active
Riendengan-Sempu,Indonesia,Sulawesi-Indonesia,1.13,124.758,1549.0,Dormant
Soputan,Indonesia,Sulawesi-Indonesia,1.112,124.737,1785.0,Active
Tangkoko-Duasudara,Indonesia,Sulawesi-Indonesia,1.518,125.185,1334.0,Active
Tondano Caldera,Indonesia,Sulawesi-Indonesia,1.23,124.83,1202.0,Dormant
Bud Dajo,Philippines,Sulu Is-Philippines,5.95,121.07,440.0,Active
Besar,Indonesia,Sumatra,-4.43,103.67,1899.0,Active
"Daun, Bukit",Indonesia,Sumatra,-3.38,102.37,2467.0,Dormant
Dempo,Indonesia,Sumatra,-4.016,103.121,3142.0,Active
Hulubelu,Indonesia,Sumatra,-5.334,104.59,849.0,Dormant
Hululais,Indonesia,Sumatra,-3.247,102.239,2122.0,Dormant
Hutapanjang,Indonesia,Sumatra,-2.33,101.6,2021.0,Dormant
Hutapanjang,Indonesia,Sumatra,-2.333,101.6,2021.0,Dormant
Imun,Indonesia,Sumatra,2.15,98.93,1505.0,Dormant
Kaba,Indonesia,Sumatra,-3.522,102.615,1940.0,Active
Kerinci,Indonesia,Sumatra,-1.697,101.264,3800.0,Active
Lubukraya,Indonesia,Sumatra,1.478,99.209,1862.0,Dormant
"Lumut Balai, Bukit",Indonesia,Sumatra,-4.22,103.62,2055.0,Dormant
Malintang,Indonesia,Sumatra,0.47,99.67,1983.0,Dormant
Marapi,Indonesia,Sumatra,-0.38,100.474,2885.0,Active
Patah,Indonesia,Sumatra,-4.257,103.306,2836.0,Dormant
Pendan,Indonesia,Sumatra,-2.82,102.02,0.0,Dormant
Peuet Sague,Indonesia,Sumatra,4.903,96.289,2785.0,Active
Rajabasa,Indonesia,Sumatra,-5.78,105.625,1281.0,Dormant
Ranau,Indonesia,Sumatra,-4.871,103.925,1854.0,Dormant
Sarik-Gajah,Indonesia,Sumatra,0.074,100.189,737.0,Dormant
Sekincau Belirang,Indonesia,Sumatra,-5.107,104.317,1717.0,Dormant
Seulawah Agam,Indonesia,Sumatra,5.448,95.658,1810.0,Active
Sibualbuali,Indonesia,Sumatra,1.556,99.255,1819.0,Dormant
Sinabung,Indonesia,Sumatra,3.17,98.392,2460.0,Dormant
Singkut,Indonesia,Sumatra,3.238,98.513,2181.0,Active
Sorikmarapi,Indonesia,Sumatra,0.686,99.539,2145.0,Active
Sumbing,Indonesia,Sumatra,-2.414,101.728,2507.0,Active
Suoh,Indonesia,Sumatra,-5.25,104.27,1000.0,Active
Talakmau,Indonesia,Sumatra,0.079,99.98,2919.0,Dormant
Talang,Indonesia,Sumatra,-0.979,100.681,2575.0,Active
Tandikat-Singgalang,Indonesia,Sumatra,-0.39,100.331,2854.0,Active
"Telong, Bur ni",Indonesia,Sumatra,4.769,96.821,2617.0,Active
Toba,Indonesia,Sumatra,2.608,98.842,2157.0,Dormant
Hunter Island,Pacific Ocean,SW Pacific,-22.4,172.05,297.0,Active
Matthew Island,Pacific Ocean,SW Pacific,-22.33,171.32,177.0,Active
Wallis Islands,Wallis & Futuna,SW Pacific,-13.3,-176.17,143.0,Dormant
Es Safa,Syria,Syria,33.08,37.15,979.0,Active
Sharat Kovakab,Syria,Syria,36.536,40.858,516.0,Dormant
Unnamed,Syria,Syria,36.67,37.0,0.0,Active
Unnamed,Syria,Syria,33.308,36.925,945.0,Dormant
Unnamed,Syria,Syria,33.15,36.258,1197.0,Dormant
Unnamed,Syria,Syria,32.658,36.425,1436.0,Dormant
Tatun Volcanic Group,China,Taiwan,25.178,121.553,1120.0,Dormant
Kueishantao,Taiwan,Taiwan,24.841,121.953,361.0,Dormant
Unnamed,Taiwan,Taiwan-E of,24.0,121.83,0.0,Active
Fonualei,Tonga,Tonga-SW Pacific,-18.023,-174.317,188.0,Active
Hunga Tonga-Hunga Ha'apai,Tonga,Tonga-SW Pacific,-20.553,-175.384,114.0,Active
Kao,Tonga,Tonga-SW Pacific,-19.668,-175.016,1009.0,Dormant
Late,Tonga,Tonga-SW Pacific,-18.806,-174.65,540.0,Active
Lateiki,Tonga,Tonga-SW Pacific,-19.18,-174.87,43.0,Active
Niuafo'ou,Tonga,Tonga-SW Pacific,-15.6,-175.63,260.0,Active
Tafahi,Tonga,Tonga-SW Pacific,-15.85,-173.72,546.0,Active
Tofua,Tonga,Tonga-SW Pacific,-19.75,-175.07,515.0,Active
Unnamed,Tonga,Tonga-SW Pacific,-21.07,-175.33,0.0,Active
Piparo,Trinidad,Trinidad,10.0,-61.0,140.0,Active
Acigol-Nevsehir,Turkey,Turkey,38.537,34.621,1683.0,Dormant
Ararat,Turkey,Turkey,39.7,44.3,5165.0,Dormant
Erciyes Volcanic Complex,Turkey,Turkey,38.531,35.447,3864.0,Dormant
Girekol,Turkey,Turkey,39.17,43.33,0.0,Dormant
Gollu Dag,Turkey,Turkey,38.25,34.57,2143.0,Dormant
Hasandag-Keciboyduran,Turkey,Turkey,38.13,34.17,3253.0,Dormant
Karaca Dag,Turkey,Turkey,37.67,39.83,1957.0,Dormant
Karapinar Field,Turkey,Turkey,37.667,33.6,1302.0,Dormant
Kars Plateau,Turkey,Turkey,40.75,42.9,3000.0,Dormant
Kula,Turkey,Turkey,38.58,28.52,750.0,Dormant
Nemrut Dagi,Turkey,Turkey,38.654,42.229,2948.0,Active
Suphan Dagi,Turkey,Turkey,38.92,42.82,4434.0,Dormant
Tenduruk Dagi,Turkey,Turkey,39.356,43.874,3514.0,Dormant
San Francisco Volcanic Field,United States,US-Arizona,35.347,-111.678,3850.0,Active
Uinkaret Field,United States,US-Arizona,36.38,-113.13,1555.0,Dormant
Big Cave,United States,US-California,40.955,-121.365,1259.0,Dormant
Brushy Butte,United States,US-California,41.178,-121.443,1174.0,Dormant
Clear Lake Volcanic Field,United States,US-California,38.97,-122.77,1439.0,Dormant
Coso Volc Field,United States,US-California,36.03,-117.82,2400.0,Dormant
Eagle Lake Field,United States,US-California,40.63,-120.83,1652.0,Dormant
Golden Trout Creek,United States,US-California,36.358,-118.32,2886.0,Dormant
Inyo Craters,United States,US-California,37.692,-119.02,2629.0,Active
Lassen Volcanic Center,United States,US-California,40.492,-121.508,3187.0,Active
Lavic Lake,United States,US-California,34.75,-116.625,1495.0,Dormant
Mammoth Mountain,United States,US-California,37.631,-119.032,3369.0,Dormant
Medicine Lake,United States,US-California,41.611,-121.554,2412.0,Active
Mono Lake Volcanic Field,United States,US-California,38.0,-119.03,2121.0,Active
Mono-Inyo Craters,United States,US-California,37.804,-119.029,2796.0,Active
Shasta,United States,US-California,41.409,-122.193,4317.0,Active
Tumble Buttes,United States,US-California,40.68,-121.55,2191.0,Dormant
Twin Buttes,United States,US-California,40.78,-121.6,1631.0,Dormant
Ubehebe Craters,United States,US-California,37.02,-117.45,752.0,Dormant
Dotsero,United States,US-Colorado,39.661,-107.036,2230.0,Dormant
Black Butte Crater Lava Field,United States,US-Idaho,43.183,-114.352,1478.0,Dormant
Craters of the Moon,United States,US-Idaho,43.371,-113.493,2005.0,Dormant
Hell's Half Acre,United States,US-Idaho,43.492,-112.45,1632.0,Dormant
Wapi Lava Field,United States,US-Idaho,42.886,-113.217,1597.0,Dormant
Soda Lakes,United States,US-Nevada,39.525,-118.878,1251.0,Dormant
Carrizozo,United States,US-New Mexico,33.78,-105.93,1731.0,Dormant
Red Hill,United States,US-New Mexico,34.25,-108.83,2300.0,Dormant
Zuni-Bandera,United States,US-New Mexico,34.8,-108.0,2550.0,Dormant
Bachelor,United States,US-Oregon,43.979,-121.688,2763.0,Dormant
Belknap,United States,US-Oregon,44.285,-121.841,2095.0,Active
Blue Lake Crater,United States,US-Oregon,44.413,-121.769,1136.0,Dormant
Cinnamon Butte,United States,US-Oregon,43.241,-122.111,1958.0,Dormant
Crater Lake,United States,US-Oregon,42.942,-122.107,2487.0,Dormant
Davis Lake,United States,US-Oregon,43.57,-121.82,2163.0,Dormant
Devils Garden,United States,US-Oregon,43.512,-120.861,1698.0,Dormant
Diamond Craters,United States,US-Oregon,43.1,-118.75,1435.0,Dormant
Four Craters Lava Field,United States,US-Oregon,43.361,-120.669,1501.0,Dormant
Hood,United States,US-Oregon,45.374,-121.695,3426.0,Active
Jefferson,United States,US-Oregon,44.674,-121.8,3199.0,Active
Jordan Craters,United States,US-Oregon,43.147,-117.46,1473.0,Dormant
Newberry,United States,US-Oregon,43.722,-121.229,2434.0,Active
Sand Mountain Field,United States,US-Oregon,44.38,-121.93,1664.0,Dormant
South Sister,United States,US-Oregon,44.1,-121.77,3157.0,Dormant
Squaw Ridge Field,United States,US-Oregon,43.472,-120.754,1711.0,Dormant
Three Sisters,United States,US-Oregon,44.133,-121.767,3159.0,Active
Bald Knoll,United States,US-Utah,37.328,-112.408,2135.0,Dormant
Black Rock Desert,United States,US-Utah,38.97,-112.5,1800.0,Active
Markagunt Plateau,United States,US-Utah,37.58,-112.67,2840.0,Active
Santa Clara,United States,US-Utah,37.257,-113.625,1465.0,Dormant
Adams,United States,US-Washington,46.206,-121.49,3742.0,Active
Baker,United States,US-Washington,48.777,-121.813,3285.0,Active
Glacier Peak,United States,US-Washington,48.112,-121.113,3213.0,Active
Indian Heaven,United States,US-Washington,45.93,-121.82,1806.0,Dormant
Rainier,United States,US-Washington,46.853,-121.76,4392.0,Active
St. Helens,United States,US-Washington,46.2,-122.18,2549.0,Active
West Crater,United States,US-Washington,45.88,-122.08,1329.0,Dormant
Yellowstone,United States,US-Wyoming,44.43,-110.67,2805.0,Dormant
Ambae,Vanuatu,Vanuatu-SW Pacific,-15.389,167.835,1496.0,Active
Ambrym,Vanuatu,Vanuatu-SW Pacific,-16.25,168.12,1334.0,Active
Aneityum,Vanuatu,Vanuatu-SW Pacific,-20.2,169.78,852.0,Dormant
East Epi,Vanuatu,Vanuatu-SW Pacific,-16.68,168.389,833.0,Active
Gaua,Vanuatu,Vanuatu-SW Pacific,-14.281,167.514,729.0,Active
Lopevi,Vanuatu,Vanuatu-SW Pacific,-16.507,168.346,1413.0,Active
Mere Lava,Vanuatu,Vanuatu-SW Pacific,-14.45,168.05,1028.0,Dormant
Motlav,Vanuatu,Vanuatu-SW Pacific,-13.67,167.67,411.0,Dormant
NE Shepherd Islands,Vanuatu,Vanuatu-SW Pacific,-16.992,168.592,216.0,Dormant
Nguna-Emau,Vanuatu,Vanuatu-SW Pacific,-17.452,168.353,589.0,Dormant
Suretamatai,Vanuatu,Vanuatu-SW Pacific,-13.8,167.47,921.0,Active
Traitor's Head,Vanuatu,Vanuatu-SW Pacific,-18.754,169.238,817.0,Active
Yasur,Vanuatu,Vanuatu-SW Pacific,-19.532,169.447,361.0,Active
Ioto,Japan,Volcano Is-Japan,24.751,141.289,169.0,Active
Kita-Ioto,Japan,Volcano Is-Japan,25.424,141.284,792.0,Active
Nishinoshima,Japan,Volcano Is-Japan,27.247,140.874,100.0,Active
"Diables, Morne aux",Dominica,W Indies,15.612,-61.43,861.0,Dormant
"Diablotins, Morne",Dominica,W Indies,15.503,-61.397,1430.0,Dormant
"Plat Pays, Morne",Dominica,W Indies,15.255,-61.341,940.0,Active
"Trois Pitons, Morne",Dominica,W Indies,15.37,-61.33,1387.0,Active
"Watt, Morne",Dominica,W Indies,15.307,-61.305,1224.0,Active
St. Catherine,Grenada,W Indies,12.15,-61.67,840.0,Dormant
Soufriere Guadeloupe,Guadeloupe,W Indies,16.044,-61.664,1467.0,Active
Pelee,Martinique,W Indies,14.809,-61.166,1372.0,Active
Soufriere Hills,Montserrat,W Indies,16.72,-62.18,915.0,Active
Nevis Peak,Netherlands,W Indies,17.15,-62.58,985.0,Dormant
"Quill, The",Netherlands,W Indies,17.478,-62.96,601.0,Active
Saba,Netherlands,W Indies,17.63,-63.23,887.0,Active
Liamuiga,St. Kitts & Nevis,W Indies,17.37,-62.8,1156.0,Active
Qualibou,St. Lucia,W Indies,13.83,-61.05,777.0,Active
Soufriere St. Vincent,St. Vincent & the Grenadines,W Indies,13.33,-61.18,1220.0,Active
